"","input","output"
"1","3.35; ___ CI: 2.21¡V5.10","  3.35[  2.21,  5.10]"
"2","11.12; ___ CI: 5.34¡V23.16"," 11.12[  5.34, 23.16]"
"3","1.11; ___ CI: 0.6¡V2.06","  1.11[   0.6,  2.06]"
"4","1.47 (1.27, 1.70","  1.47[  1.27,  1.70]"
"5","0.64 (0.40¡V0.955","  0.64[  0.40, 0.955]"
"6","0.44 (0.34¡V0.56","  0.44[  0.34,  0.56]"
"7","0.94; ___ CI = 0.92-0.96","  0.94[  0.92,  0.96]"
"8","5.55; confidence interval, CI 3.56¡V8.6","  5.55[  3.56,   8.6]"
"9","6.04; CI 2.41¡V15.13","  6.04[  2.41, 15.13]"
"10","10.43; CI 6.90¡V15.75"," 10.43[  6.90, 15.75]"
"11","1.49, ___ CI: 1.02¡V2.18","  1.49[  1.02,  2.18]"
"12","1.58, ___ CI: 1.06¡V2.35","  1.58[  1.06,  2.35]"
"13","3.32, ___ CI: 1.25¡V8.85","  3.32[  1.25,  8.85]"
"14","1.07, ___ CI 0.81; 1.82","  1.07[  0.81,  1.82]"
"15","0.96, ___ CI 0.59; 1.86","  0.96[  0.59,  1.86]"
"16","1.13, ___ CI 0.87; 1.48","  1.13[  0.87,  1.48]"
"17","11.5; ___ CI, 2.7¡V49.7","  11.5[   2.7,  49.7]"
"18","4.2; ___ CI, 1.6¡V11.0","   4.2[   1.6,  11.0]"
"19","9.8; ___ CI, 2.8¡V34.6","   9.8[   2.8,  34.6]"
"20","1.57; ___ CI, 1.13¡V2.01","  1.57[  1.13,  2.01]"
"21","1.50; ___ CI, 1.07¡V1.93","  1.50[  1.07,  1.93]"
"22","1.49; ___ CI, 1.06¡V1.92","  1.49[  1.06,  1.92]"
"23","1.40 (1.12-1.75","  1.40[  1.12,  1.75]"
"24","1.20 (1.06-1.36","  1.20[  1.06,  1.36]"
"25","0.70 (0.54-0.90","  0.70[  0.54,  0.90]"
"26","0.69 (0.52-0.91","  0.69[  0.52,  0.91]"
"27","1.19 (1.00-1.42","  1.19[  1.00,  1.42]"
"28","3.48; ___ CI, 2.18-5.54","  3.48[  2.18,  5.54]"
"29","2.03; ___ CI, 1.09-3.76","  2.03[  1.09,  3.76]"
"30","2.76; ___ CI, 1.62-4.69","  2.76[  1.62,  4.69]"
"31","2.91; ___ CI, 1.62-5.25","  2.91[  1.62,  5.25]"
"32","0.37; ___ CI,.21-.63","  0.37[   .21,   .63]"
"33","0.29; ___ CI,.20-.43","  0.29[   .20,   .43]"
"34","0.51, ___ CI?=?0.44-0.57","  0.51[  0.44,  0.57]"
"35","0.95, ___ CI?=?0.66-1.24","  0.95[  0.66,  1.24]"
"36","0.10; ___ CI 0.06, 0.18","  0.10[  0.06,  0.18]"
"37","0.73; ___ CI 0.21, 2.48","  0.73[  0.21,  2.48]"
"38","0.59; ___ CI 0.25, 1.37","  0.59[  0.25,  1.37]"
"39","0.96, ___ CI 0.50, 1.86","  0.96[  0.50,  1.86]"
"40","0.63; ___ CI, 0.22¡V1.78","  0.63[  0.22,  1.78]"
"41","3.83; ___ CI 2.14¡V6.86","  3.83[  2.14,  6.86]"
"42","0.63; ___ CI 0.22¡V1.78","  0.63[  0.22,  1.78]"
"43","0.46; ___ CI 0.24¡V0.86","  0.46[  0.24,  0.86]"
"44","0.11; ___ CI 0.06¡V0.20","  0.11[  0.06,  0.20]"
"45","1.44; ___ CI 1.27 to 1.64","  1.44[  1.27,  1.64]"
"46","1.62; ___CI 1.27 to 2.06","  1.62[  1.27,  2.06]"
"47","0.82; ___CI 0.70 to 0.96","  0.82[  0.70,  0.96]"
"48","1.29; ___CI 0.95 to 1.75","  1.29[  0.95,  1.75]"
"49","1.40, ___ CI 0.56-3.50","  1.40[  0.56,  3.50]"
"50","2.24 (___ CI 1.37-3.65","  2.24[  1.37,  3.65]"
"51","0.65, ___ CI 0.21-1.98","  0.65[  0.21,  1.98]"
"52","2.84 (___ CI 1.95-4.14","  2.84[  1.95,  4.14]"
"53","1.09 (0.98 to 1.17","  1.09[  0.98,  1.17]"
"54","8.81 (8.01 to 9.69","  8.81[  8.01,  9.69]"
"55","9.4; ___ CI: 2.26-39.15","   9.4[  2.26, 39.15]"
"56","6.53; ___ CI: 2.22-19.19","  6.53[  2.22, 19.19]"
"57","2.56; ___ CI: 1.17-5.59","  2.56[  1.17,  5.59]"
"58","2.56; ___ CI: 1.17-5.59","  2.56[  1.17,  5.59]"
"59","2.65 [___ CI: 1.38-5.08","  2.65[  1.38,  5.08]"
"60","5.82 [___ CI: 2.66-12.69","  5.82[  2.66, 12.69]"
"61","3.4; ___ CI 1.4 to 8.1","   3.4[   1.4,   8.1]"
"62","0.38 (0.24, 0.60","  0.38[  0.24,  0.60]"
"63","0.25 (0.10, 0.63","  0.25[  0.10,  0.63]"
"64","0.48 (0.25, 0.91","  0.48[  0.25,  0.91]"
"65","0.27 (0.09, 0.84","  0.27[  0.09,  0.84]"
"66","0.46 (0.15, 1.38","  0.46[  0.15,  1.38]"
"67","0.28 (0.09, 0.82","  0.28[  0.09,  0.82]"
"68","0.26 (0.06, 1.11","  0.26[  0.06,  1.11]"
"69","2.6, ___ CI: 1.8¡V3.7","   2.6[   1.8,   3.7]"
"70","2.2, ___ CI: 1.5¡V3.3","   2.2[   1.5,   3.3]"
"71","0.89, ___ CI=0.46, 1.70","  0.89[  0.46,  1.70]"
"72","3.30, CI ___: 2.07-5.26","  3.30[  2.07,  5.26]"
"73","2.36, CI___: 1.54-3.62","  2.36[  1.54,  3.62]"
"74","1.24; CI, 0.82¡V1.88","  1.24[  0.82,  1.88]"
"75","0.56; CI, 0.22¡V1.45","  0.56[  0.22,  1.45]"
"76","1.89; CI; 0.59¡V6.09","  1.89[  0.59,  6.09]"
"77","0.68 (___ CI: 0.58-0.79","  0.68[  0.58,  0.79]"
"78","0.53 (___ CI: 0.33-0.84","  0.53[  0.33,  0.84]"
"79","0.56 (___ CI: 0.39-0.80","  0.56[  0.39,  0.80]"
"80","0.77 (___ CI: 0.60-0.98","  0.77[  0.60,  0.98]"
"81","0.59 (___ CI: 0.47-0.74","  0.59[  0.47,  0.74]"
"82","0.37 (___ CI: 0.26-0.51","  0.37[  0.26,  0.51]"
"83","0.51 (___ CI: 0.35-0.75","  0.51[  0.35,  0.75]"
"84","0.25 (___ CI: 0.11-0.59","  0.25[  0.11,  0.59]"
"85","4.58; ___ CI, 0.67-31.45","  4.58[  0.67, 31.45]"
"86","6.83; ___ CI, 3.63-12.86","  6.83[  3.63, 12.86]"
"87","4.98; ___ CI, 2.47-10.03","  4.98[  2.47, 10.03]"
"88","4.27, ___ CI: 3.35¡V5.44","  4.27[  3.35,  5.44]"
"89","6.20, ___ CI: 4.32¡V8.90","  6.20[  4.32,  8.90]"
"90","1.66, ___ CI 1.25, 2.20","  1.66[  1.25,  2.20]"
"91","2.51; ___ CI 1.71, 3.86","  2.51[  1.71,  3.86]"
"92","2.10; ___ CI: 1.57-2.82","  2.10[  1.57,  2.82]"
"93","2.49; ___ CI: 1.82-3.40","  2.49[  1.82,  3.40]"
"94","2.19; ___ CI, 1.00-4.80","  2.19[  1.00,  4.80]"
"95","3.81 (___ CI: 1.96¡V7.41","  3.81[  1.96,  7.41]"
"96","1.61 (___ CI: 1.14¡V2.27","  1.61[  1.14,  2.27]"
"97","0.82, ___ CI 0.40¡V1.67","  0.82[  0.40,  1.67]"
"98","0.42, ___ CI 0.25¡V0.69","  0.42[  0.25,  0.69]"
"99","0.25, ___ CI 0.11¡V0.58","  0.25[  0.11,  0.58]"
"100","1.00, ___ CI 0.26¡V3.88","  1.00[  0.26,  3.88]"
"101","0.99, ___ CI 0.74¡V1.32","  0.99[  0.74,  1.32]"
"102","0.80, ___ CI 0.64¡V1.00","  0.80[  0.64,  1.00]"
"103","6.37, ___ CI 4.41¡V9.21","  6.37[  4.41,  9.21]"
"104","1¡P07, 95","     1[    07,    95]"
"105","1¡P09, 0","     1[    09,     0]"
"106","1.22 (___ CI, 1.06¡V1.41","  1.22[  1.06,  1.41]"
"107","2.08 (___ CI, 1.03¡V4.18","  2.08[  1.03,  4.18]"
"108","1.10 (___ CI, 0.99¡V1.24","  1.10[  0.99,  1.24]"
"109","2.19, ___ CI 1.39 to 3.45","  2.19[  1.39,  3.45]"
"110","0.88, ___ CI 0.62¡V1.26","  0.88[  0.62,  1.26]"
"111","1.14, ___ CI 0.98¡V1.32","  1.14[  0.98,  1.32]"
"112","1.57, ___ CI 1.05¡V2.34","  1.57[  1.05,  2.34]"
"113","3.02, ___ CI 2.10¡V4.33","  3.02[  2.10,  4.33]"
"114","1.37, ___ CI 1.05¡V1.80","  1.37[  1.05,  1.80]"
"115","1.50, ___ CI 1.11¡V2.02","  1.50[  1.11,  2.02]"
"116","1.51, ___ CI 1.23¡V1.85","  1.51[  1.23,  1.85]"
"117","1.41, ___ CI 1.10¡V1.80","  1.41[  1.10,  1.80]"
"118","1.48, ___ CI 1.10¡V1.99","  1.48[  1.10,  1.99]"
"119","0.41; ___ CI 0.19, 0.86","  0.41[  0.19,  0.86]"
"120","2.33; ___ CI 1.86, 2.92","  2.33[  1.86,  2.92]"
"121","1.91; ___ CI, 1.47¡V2.47","  1.91[  1.47,  2.47]"
"122","2.13; ___ CI, 1.43¡V3.15","  2.13[  1.43,  3.15]"
"123","2.13; ___ CI, 1.43¡V3.15","  2.13[  1.43,  3.15]"
"124","1.73; ___ CI, 1.23¡V2.44","  1.73[  1.23,  2.44]"
"125","2.36 (___ CI, 0.93¡V5.98","  2.36[  0.93,  5.98]"
"126","0.64, ___ CI = 0.24¡V1.70","  0.64[  0.24,  1.70]"
"127","0.38, ___ CI = 0.28¡V0.51","  0.38[  0.28,  0.51]"
"128","0.53, ___ CI = 0.29¡V0.98","  0.53[  0.29,  0.98]"
"129","0.98, ___ CI = 0.51¡V1.88","  0.98[  0.51,  1.88]"
"130","2.17; P?=?0.007) and (OR?=?2.17","  2.17[ 0.007,  2.17]"
"131","0.59:0.38-0.93","  0.59[  0.38,  0.93]"
"132","0.42:0.24-0.73","  0.42[  0.24,  0.73]"
"133","1.09; ___ CI 0.88 to 1.34","  1.09[  0.88,  1.34]"
"134","1.11; ___ CI 0.95 to 1.3","  1.11[  0.95,   1.3]"
"135","1.03; ___ CI 0.92 to 1.14","  1.03[  0.92,  1.14]"
"136","1.01; ___ CI 0.80 to 1.27","  1.01[  0.80,  1.27]"
"137","0.97; ___ CI 0.72 to 1.30","  0.97[  0.72,  1.30]"
"138","11.1, ___ CI: 5.63-21.92","  11.1[  5.63, 21.92]"
"139","1.72; ___ CI 1.17-2.53","  1.72[  1.17,  2.53]"
"140","2.01; ___ CI 1.16-3.20","  2.01[  1.16,  3.20]"
"141","1.58; ___ CI: 1.02-2.46","  1.58[  1.02,  2.46]"
"142","3.11; ___ CI: 1.85-5.20","  3.11[  1.85,  5.20]"
"143","0.88; ___ CI: 0.61-1.27","  0.88[  0.61,  1.27]"
"144","2.82 (___ CI 1.96¡V4.06","  2.82[  1.96,  4.06]"
"145","2.90; ___ CI, 1.63 to 5.14","  2.90[  1.63,  5.14]"
"146","1.25; ___ CI, 1.12 to 1.41","  1.25[  1.12,  1.41]"
"147","0.80, ___ CI 0.64-1.00","  0.80[  0.64,  1.00]"
"148","6.37, ___ CI 4.41-9.21","  6.37[  4.41,  9.21]"
"149","0.12, ___ CI 0.06 ¡V 0.26","  0.12[  0.06,  0.26]"
"150","0.27, ___ CI 0.11 ¡V 0.64","  0.27[  0.11,  0.64]"
"151","0.29, ___ CI 0.09 ¡V 0.94","  0.29[  0.09,  0.94]"
"152","0.52, ___ CI 0.28 ¡V 0.97","  0.52[  0.28,  0.97]"
"153","0.50, ___ CI 0.28 ¡V 0.92","  0.50[  0.28,  0.92]"
"154","5.43; ___ CI = 2.92¡V10.10","  5.43[  2.92, 10.10]"
"155","2.36; ___ CI = 1.64¡V3.39","  2.36[  1.64,  3.39]"
"156","1.91; ___ CI = 1.69¡V2.17","  1.91[  1.69,  2.17]"
"157","3.36; ___ CI = 0.92¡V12.30","  3.36[  0.92, 12.30]"
"158","0.89, ___ CI 0.72¡V1.09","  0.89[  0.72,  1.09]"
"159","1.32, ___ CI 0.33¡V5.34","  1.32[  0.33,  5.34]"
"160","1.10, ___ CI 0.83¡V1.48","  1.10[  0.83,  1.48]"
"161","1.29, ___ CI 0.54¡V3.12","  1.29[  0.54,  3.12]"
"162","5.50; ___ CI?=?2.79, 10.85","  5.50[  2.79, 10.85]"
"163","1.99, ___ CI 1.22¡V3.25","  1.99[  1.22,  3.25]"
"164","1.03, ___ CI 1.00¡V1.06","  1.03[  1.00,  1.06]"
"165","0.91, ___ CI 0.38-2.15","  0.91[  0.38,  2.15]"
"166","0.94, ___ CI 0.23-3.84","  0.94[  0.23,  3.84]"
"167","0.28, ___ CI 0.08-0.93","  0.28[  0.08,  0.93]"
"168","2.23 [1.5¡V3.3","  2.23[   1.5,   3.3]"
"169","6.7 [___CI 4.8¡V8.6","   6.7[   4.8,   8.6]"
"170","8.3 [___CI 3¡V24.07","   8.3[     3, 24.07]"
"171","0.78, ___ CI 0.52¡V1.18","  0.78[  0.52,  1.18]"
"172","1.06, ___ CI 0.85¡V1.33","  1.06[  0.85,  1.33]"
"173","1.36; ___ CI 0.85¡V2.18","  1.36[  0.85,  2.18]"
"174","0.98; ___ CI 0.72¡V1.31","  0.98[  0.72,  1.31]"
"175","0.72; ___ CI 0.45¡V1.13","  0.72[  0.45,  1.13]"
"176","1.33; ___ CI 1.10¡V1.61","  1.33[  1.10,  1.61]"
"177","0.58; ___ CI 0.45¡V0.76","  0.58[  0.45,  0.76]"
"178","0.71; ___ CI 0.55¡V0.92","  0.71[  0.55,  0.92]"
"179","-0.24; ___ CI -0.32, - 0.15"," -0.24[ -0.32,  0.15]"
"180","-0.05; ___ CI -3.95, 3.84"," -0.05[ -3.95,  3.84]"
"181","-0.20; ___ CI -0.76, 0.36"," -0.20[ -0.76,  0.36]"
"182","0.81, ___ CI 0.27¡V2.47","  0.81[  0.27,  2.47]"
"183","1.07, ___ CI 0.41¡V2.84","  1.07[  0.41,  2.84]"
"184","4.3, ___ CI 2.0¡V9.3","   4.3[   2.0,   9.3]"
"185","1.06, ___ CI 0.93¡V1.21","  1.06[  0.93,  1.21]"
"186","0.99, ___ CI 0.86¡V1.14","  0.99[  0.86,  1.14]"
"187","1.06, ___ CI 0.95¡V1.18","  1.06[  0.95,  1.18]"
"188","0.67; ___ CI, 0.37¡V1.24","  0.67[  0.37,  1.24]"
"189","1.07; ___ CI, 0.40¡V2.85","  1.07[  0.40,  2.85]"
"190","0.225; ___ CI, 0.127 to 0.513"," 0.225[ 0.127, 0.513]"
"191","0.189; ___ CI, 0.053 to 0.675"," 0.189[ 0.053, 0.675]"
"192","0.160; ___ CI, 0.066 to 0.387"," 0.160[ 0.066, 0.387]"
"193","0.192; ___ CI, 0.089 to 0.414"," 0.192[ 0.089, 0.414]"
"194","0.372; ___ CI, 0.192 to 0.722"," 0.372[ 0.192, 0.722]"
"195","0.313; ___ CI, 0.156 to 0.627"," 0.313[ 0.156, 0.627]"
"196","0.372; ___ CI, 0.201 to 0.687"," 0.372[ 0.201, 0.687]"
"197","0.80; ___ CI, 0.66¡V0.97","  0.80[  0.66,  0.97]"
"198","0.84; ___ CI, 0.70¡V1.01","  0.84[  0.70,  1.01]"
"199","0.77; ___ CI, 0.61¡V0.99","  0.77[  0.61,  0.99]"
"200","0.22, ___ CI 0.09¡V0.54","  0.22[  0.09,  0.54]"
"201","0.13, ___ CI 0.07¡V0.26","  0.13[  0.07,  0.26]"
"202","0.64, ___ CI 0.45¡V0.90","  0.64[  0.45,  0.90]"
"203","0.31, ___ CI 0.18¡V0.52","  0.31[  0.18,  0.52]"
"204","0.84, ___ CI 0.67¡V1.04","  0.84[  0.67,  1.04]"
"205","1.75, 95CI 1.33","  1.75[    95,  1.33]"
"206","1.58, 95CI 1.26","  1.58[    95,  1.26]"
"207","1.54 (1.19¡V2.00","  1.54[  1.19,  2.00]"
"208","1.39 (1.13¡V1.72","  1.39[  1.13,  1.72]"
"209","1.23(1.04¡V1.45","  1.23[  1.04,  1.45]"
"210","0.28, ___ C.I. 0.13 to 0.61","  0.28[  0.13,  0.61]"
"211","0.82, 0.54 to 1.23","  0.82[  0.54,  1.23]"
"212","0.94, 0.51 to 1.72","  0.94[  0.51,  1.72]"
"213","0.98, 0.45 to 2.17","  0.98[  0.45,  2.17]"
"214","0.96, 0.50 to 1.85","  0.96[  0.50,  1.85]"
"215","0.77, 0.43 to 1.38","  0.77[  0.43,  1.38]"
"216","0.63, ___ CI: 0.50-0.79","  0.63[  0.50,  0.79]"
"217","0.23, ___ CI: 0.07-0.79","  0.23[  0.07,  0.79]"
"218","3.07, ___ CI: 1.92-4.91","  3.07[  1.92,  4.91]"
"219","3.63, ___ CI: 1.06-12.45","  3.63[  1.06, 12.45]"
"220","2.62, ___ CI: 1.76-3.90","  2.62[  1.76,  3.90]"
"221","3.14, ___ CI: 1.31-7.52","  3.14[  1.31,  7.52]"
"222"," -1.75, ___ CI: -3.66-0.16"," -1.75[ -3.66,  0.16]"
"223","1.98, ___ CI: 0.92-4.25","  1.98[  0.92,  4.25]"
"224","2.80, ___ CI: 1.48-5.29","  2.80[  1.48,  5.29]"
"225","1.19, ___ CI: 0.51-2.77","  1.19[  0.51,  2.77]"
"226","1.16, ___ CI: 0.30-4.60","  1.16[  0.30,  4.60]"
"227","1.76, ___ CI, 1.45-2.14","  1.76[  1.45,  2.14]"
"228","1.07, ___CI = (0.80, 1.44","  1.07[  0.80,  1.44]"
"229","2.14, ___CI = (1.06, 4.31","  2.14[  1.06,  4.31]"
"230","1.70, ___CI?=?(1.29, 2.25","  1.70[  1.29,  2.25]"
"231","1.82, ___CI?=?(1.26, 2.64","  1.82[  1.26,  2.64]"
"232","0.76, ___ CI: 0.59 to 0.99","  0.76[  0.59,  0.99]"
"233","1.04, ___ CI: 0.66 to 1.65","  1.04[  0.66,  1.65]"
"234","0.98, ___ CI: 0.77¡V1.27","  0.98[  0.77,  1.27]"
"235","1.45, ___ CI: 0.70 to 2.98","  1.45[  0.70,  2.98]"
"236","4.71; ___ CI = 3.54 to 6.26","  4.71[  3.54,  6.26]"
"237","1.07; ___ CI, 0.90-1.27","  1.07[  0.90,  1.27]"
"238","0.89; ___ CI, 0.62-1.28","  0.89[  0.62,  1.28]"
"239","2.13; ___ CI 1.66-2.72","  2.13[  1.66,  2.72]"
"240","1.63; ___ CI 1.29-2.06","  1.63[  1.29,  2.06]"
"241","1.16, ___CI=1.02-1.32","  1.16[  1.02,  1.32]"
"242","0.25, ___CI=0.09-0.68","  0.25[  0.09,  0.68]"
"243","0.71, ___CI=0.54-0.94","  0.71[  0.54,  0.94]"
"244","0.66 (___ CI: 0.57-0.78","  0.66[  0.57,  0.78]"
"245","0.73 (___ CI: 0.62-0.86","  0.73[  0.62,  0.86]"
"246","0.48 (___ CI: 0.38-0.61","  0.48[  0.38,  0.61]"
"247","1.71, ___ confidence interval 1.20¡V2.4","  1.71[  1.20,   2.4]"
"248","10.61 (___ CI: 6.67 - 16.88"," 10.61[  6.67, 16.88]"
"249","11.88 [2.32-60.89"," 11.88[  2.32, 60.89]"
"250","1.31, ___CI (1.14, 1.50","  1.31[  1.14,  1.50]"
"251","1.44, ___ CI [1.18, 1.76","  1.44[  1.18,  1.76]"
"252","0.15, ___CI (0.08, 0.30","  0.15[  0.08,  0.30]"
"253","0.83, ___ CI [0.52, 1.32","  0.83[  0.52,  1.32]"
"254","5.773, ___ CI 4.199-7.939"," 5.773[ 4.199, 7.939]"
"255","6.023, ___ CI 2.598-13.963"," 6.023[ 2.598,13.963]"
"256","42.348, ___ CI 11.765-152.437","42.348[11.765,152.437]"
"257","12.869, ___ CI 1.948-85.017","12.869[ 1.948,85.017]"
"258","5.326, ___ CI 1.263-22.466"," 5.326[ 1.263,22.466]"
"259","1.650, ___ CI 1.303-2.090"," 1.650[ 1.303, 2.090]"
"260","3057.064, ___ CI 494.409-19000","3057.064[494.409, 19000]"
"261","31.791, ___ CI 3.369-300.020","31.791[ 3.369,300.020]"
"262","23.652, ___ CI 1.973-283.592","23.652[ 1.973,283.592]"
"263","9.056, ___ CI 4.102-19.996"," 9.056[ 4.102,19.996]"
"264","0.918, ___ CI 0.738-1.142"," 0.918[ 0.738, 1.142]"
"265","1.347, ___ CI 0.245-7.397"," 1.347[ 0.245, 7.397]"
"266","0.847, ___ CI 0.202-3.549"," 0.847[ 0.202, 3.549]"
"267","0.740, ___ CI 0.292-1.874"," 0.740[ 0.292, 1.874]"
"268","0.905, ___ CI 0.645-1.272"," 0.905[ 0.645, 1.272]"
"269","5.276, ___ CI 0.781-35.630"," 5.276[ 0.781,35.630]"
"270","0.523, ___ CI 0.167-1.643"," 0.523[ 0.167, 1.643]"
"271","0.30; ___ CI 0.13, 0.69","  0.30[  0.13,  0.69]"
"272","0.24; ___ CI 0.10, 0.60","  0.24[  0.10,  0.60]"
"273","1.27; ___ CI 0.96, 1.68","  1.27[  0.96,  1.68]"
"274","1.65; ___ CI 1.20, 2.27","  1.65[  1.20,  2.27]"
"275","1.52; ___ CI 0.95, 2.42","  1.52[  0.95,  2.42]"
"276","3.04, ___ CI (1.44 to 6.42","  3.04[  1.44,  6.42]"
"277","3.28, ___ CI (1.04 to 10.35","  3.28[  1.04, 10.35]"
"278","0.82; ___CI, 0.48 - 1.42","  0.82[  0.48,  1.42]"
"279","1.77; ___CI, 1.01 - 3.11","  1.77[  1.01,  3.11]"
"280","2.63; ___ CI, 1.25-5.55","  2.63[  1.25,  5.55]"
"281","12.95; ___ CI, 6.28-26.73"," 12.95[  6.28, 26.73]"
"282","1.68, ___ CI 1.00¡V2.84","  1.68[  1.00,  2.84]"
"283","3.12, ___ CI 1.92¡V5.07","  3.12[  1.92,  5.07]"
"284","0.69; ___ CI 0.31-1.53","  0.69[  0.31,  1.53]"
"285","0.47; ___ CI 0.22-0.97","  0.47[  0.22,  0.97]"
"286","1.26; ___ CI 0.32¡V4.91","  1.26[  0.32,  4.91]"
"287","0.62; ___ CI 0.23¡V1.62","  0.62[  0.23,  1.62]"
"288","0.83; ___ CI 0.29¡V1.77","  0.83[  0.29,  1.77]"
"289","2.21; ___ CI 0.52¡V9.47","  2.21[  0.52,  9.47]"
"290","0.83, ___CI = 0.71¡V0.79","  0.83[  0.71,  0.79]"
"291","0.31; ___ CI: 0.21 to 0.46","  0.31[  0.21,  0.46]"
"292","0.75; ___ CI: 0.34 to 1.70","  0.75[  0.34,  1.70]"
"293","0.45 (___ CI 0.16-1.27","  0.45[  0.16,  1.27]"
"294","0.38, ___ CI 0.19-0.76","  0.38[  0.19,  0.76]"
"295","0.34 (___ CI 0.11-0.99","  0.34[  0.11,  0.99]"
"296","0.67; 0.46¡V0.98","  0.67[  0.46,  0.98]"
"297","0.85; 0.61¡V1.17","  0.85[  0.61,  1.17]"
"298","2.828 (___CI, 2.231¡V3.584"," 2.828[ 2.231, 3.584]"
"299","3.217; ___CIs; 2.395¡V4.321"," 3.217[ 2.395, 4.321]"
"300","2.35, ___ CI 1.23¡V4.48","  2.35[  1.23,  4.48]"
"301","4.99, ___ CI 1.12¡V22.28","  4.99[  1.12, 22.28]"
"302","4.06, ___ CI 1.54¡V10.71","  4.06[  1.54, 10.71]"
"303","2.03, ___ CI 0.22¡V18.73","  2.03[  0.22, 18.73]"
"304","0.67, ___ CI 0.19¡V2.32","  0.67[  0.19,  2.32]"
"305","0.44, ___ CI 0.30-0.66","  0.44[  0.30,  0.66]"
"306","0.46, ___ CI 0.35-0.61","  0.46[  0.35,  0.61]"
"307","1.45, ___ CI 1.18-1.78","  1.45[  1.18,  1.78]"
"308","1.10 [0.75, 1.60","  1.10[  0.75,  1.60]"
"309","1.25 [1.04¡V1.50","  1.25[  1.04,  1.50]"
"310","2.75 [1.22¡V6.37","  2.75[  1.22,  6.37]"
"311","5.22 [2.1¡V15.8","  5.22[   2.1,  15.8]"
"312","1.60; ___ CI = 1.16, 2.19","  1.60[  1.16,  2.19]"
"313","0.14 (___ CI 0.07¡V0.27","  0.14[  0.07,  0.27]"
"314","1.73 (___ CI 1.04¡V2.87","  1.73[  1.04,  2.87]"
"315","2.52, ___ CI 1.72, 3.70","  2.52[  1.72,  3.70]"
"316","1.55, ___ CI 0.89, 2.69","  1.55[  0.89,  2.69]"
"317","3.03, ___ CI 0.54, 16.85","  3.03[  0.54, 16.85]"
"318","8.69, ___ CI 1.60, 47.17","  8.69[  1.60, 47.17]"
"319","0.47, I2=43","  0.47[     2,    43]"
"320","0.57, I2=0","  0.57[     2,     0]"
"321","0.71, I2=15","  0.71[     2,    15]"
"322","1.92, I2=8","  1.92[     2,     8]"
"323","0.20; ___ CI = 0.11-0.37","  0.20[  0.11,  0.37]"
"324","0.77; ___ CI = 0.35-1.72","  0.77[  0.35,  1.72]"
"325","1.18; ___ CI = 0.39-3.59","  1.18[  0.39,  3.59]"
"326","2.13; ___ CI = 0.80-5.70","  2.13[  0.80,  5.70]"
"327","1.24, ___ CI = 1.02-1.49","  1.24[  1.02,  1.49]"
"328","1.51, ___ CI = 1.15-1.98","  1.51[  1.15,  1.98]"
"329","1.38, ___ CI = 1.07-1.78","  1.38[  1.07,  1.78]"
"330","2.06, ___ CI 1.78¡V2.38","  2.06[  1.78,  2.38]"
"331","1.50, ___ CI 1.04¡V2.15","  1.50[  1.04,  2.15]"
"332","2.79, ___ CI 1.66¡V4.70","  2.79[  1.66,  4.70]"
"333","6.77, ___ CI 1.33¡V34.62","  6.77[  1.33, 34.62]"
"334","2.66, ___ CI 1.76¡V4.01","  2.66[  1.76,  4.01]"
"335","2.55, ___ CI 1.29¡V5.04","  2.55[  1.29,  5.04]"
"336","2.47, ___ CI 1.79-3.40","  2.47[  1.79,  3.40]"
"337","0.97, ___ CI 0.80-1.19","  0.97[  0.80,  1.19]"
"338","0.80, ___ CI 0.59-1.09","  0.80[  0.59,  1.09]"
"339","0.26, ___ CI 0.13¡V0.52","  0.26[  0.13,  0.52]"
"340","2.41, ___ CI 0.76¡V7.64","  2.41[  0.76,  7.64]"
"341","1.54, ___ CI 0.80¡V2.96","  1.54[  0.80,  2.96]"
"342","0.73[0.47,1.13","  0.73[  0.47,  1.13]"
"343","0.50[0.12,2.01","  0.50[  0.12,  2.01]"
"344","0.25[0.61,10.20","  0.25[  0.61, 10.20]"
"345","0.64, ___ CI = 0.44 to 0.93","  0.64[  0.44,  0.93]"
"346","0.61, ___ CI = 0.48 to 0.76","  0.61[  0.48,  0.76]"
"347","0.66, ___ CI = 0.48¡V0.89","  0.66[  0.48,  0.89]"
"348","0.40, ___ CI = 0.22¡V0.73","  0.40[  0.22,  0.73]"
"349","2.28, ___ CI = 1.92¡V2.27","  2.28[  1.92,  2.27]"
"350","7/OR = 1.84, ___ CI = 1.15","     7[  1.84,  1.15]"
"351","1.53, ___ CI = 1.08¡V2.16","  1.53[  1.08,  2.16]"
"352","0.33, [___CI: 0.17, 0.65","  0.33[  0.17,  0.65]"
"353","0.51, ___ CI 0.26 to 0.97","  0.51[  0.26,  0.97]"
"354","0.46, ___ CI 0.24 to 0.86","  0.46[  0.24,  0.86]"
"355","0.50, ___ CI 0.26 to 0.98","  0.50[  0.26,  0.98]"
"356","1.24, ___ CI 0.48 to 3.58","  1.24[  0.48,  3.58]"
"357","0.47, ___ CI = 0.30-0.73","  0.47[  0.30,  0.73]"
"358","0.34, ___ CI = 0.12-0.91","  0.34[  0.12,  0.91]"
"359","1.19, ___ CI: 0.86-1.64","  1.19[  0.86,  1.64]"
"360","0.97, ___ CI: 0.75-1.26","  0.97[  0.75,  1.26]"
"361","0.97, ___ CI: 0.81-1.16","  0.97[  0.81,  1.16]"
"362","0.46, ___ CI: 0.33-0.65","  0.46[  0.33,  0.65]"
"363","0.22, ___ CI =0.12¡V0.40","  0.22[  0.12,  0.40]"
"364","1.467; ___CI: 1.097¡V1.962"," 1.467[ 1.097, 1.962]"
"365","2.092; ___CI: 1.707¡V2.565"," 2.092[ 1.707, 2.565]"
"366","1.609; ___CI: 1.206¡V2.147"," 1.609[ 1.206, 2.147]"
"367","3.831; ___CI: 2.223¡V6.603"," 3.831[ 2.223, 6.603]"
"368","2.068; ___CI: 1.466¡V2.918"," 2.068[ 1.466, 2.918]"
"369","2.381; ___CI: 1.385¡V4.093"," 2.381[ 1.385, 4.093]"
"370","2.695; ___CI: 1.504¡V4.828"," 2.695[ 1.504, 4.828]"
"371","15.015; ___CI: 4.538¡V49.684","15.015[ 4.538,49.684]"
"372","1.791; ___CI: 1.151¡V2.788"," 1.791[ 1.151, 2.788]"
"373","2.218; ___CI: 1.308¡V3.762"," 2.218[ 1.308, 3.762]"
"374","3.993; ___CI: 1.244¡V12.820"," 3.993[ 1.244,12.820]"
"375","1.631; ___CI: 1.202¡V2.214"," 1.631[ 1.202, 2.214]"
"376","0.183; ___CI, 0.045¡V0.74"," 0.183[ 0.045,  0.74]"
"377","0.449; ___CI, 0.095¡V2.114"," 0.449[ 0.095, 2.114]"
"378","0.931; ___CI, 0.238¡V3.648"," 0.931[ 0.238, 3.648]"
"379","0.806; ___CI, 0.209¡V3.108"," 0.806[ 0.209, 3.108]"
"380","0.795; ___CI, 0.291¡V2.173"," 0.795[ 0.291, 2.173]"
"381","1.8143; ___CI, 0.834¡V3.942","1.8143[ 0.834, 3.942]"
"382","0.83, p = 0.03) and objective (OR: 0","  0.83[  0.03,     0]"
"383","1.61, ___ CI 0.79¡V3.27","  1.61[  0.79,  3.27]"
"384","0.92, ___ CI 0.21¡V4.00","  0.92[  0.21,  4.00]"
"385","1.27, ___ CI 0.50¡V3.25","  1.27[  0.50,  3.25]"
"386","1.35, ___ CI 0.50¡V3.66","  1.35[  0.50,  3.66]"
"387","0.93, ___ CI 0.32¡V2.69","  0.93[  0.32,  2.69]"
"388","0.62, ___ CI 0.08¡V5.07","  0.62[  0.08,  5.07]"
"389","1.42 ___ CI 0.76¡V2.66","  1.42[  0.76,  2.66]"
"390","2.71, ___ CI 1.36¡V5.40","  2.71[  1.36,  5.40]"
"391","0.07; ___ CI 0.02¡V0.23","  0.07[  0.02,  0.23]"
"392","0.10; ___ CI 0.04¡V0.24","  0.10[  0.04,  0.24]"
"393","1.99, CI: 1.73-2.30","  1.99[  1.73,  2.30]"
"394","2.00, CI: 1.68-2.38","  2.00[  1.68,  2.38]"
"395","1.98, CI: 1.51-2.59","  1.98[  1.51,  2.59]"
"396","1.95, CI: 1.67-2.27","  1.95[  1.67,  2.27]"
"397","2.02, CI: 1.41-2.91","  2.02[  1.41,  2.91]"
"398","2.18, CI: 1.72-2.75","  2.18[  1.72,  2.75]"
"399","1.82, CI: 1.51-2.19","  1.82[  1.51,  2.19]"
"400","1.93, CI: 1.40-2.68","  1.93[  1.40,  2.68]"
"401","2.06, CI: 1.11-3.81","  2.06[  1.11,  3.81]"
"402","0.66, ___CI: 0.57-0.76","  0.66[  0.57,  0.76]"
"403","0.74, ___ CI 0.64-0.85","  0.74[  0.64,  0.85]"
"404","0.75, ___CI: 0.66-0.86","  0.75[  0.66,  0.86]"
"405","74.21, ___CI: 16.32-337.45"," 74.21[ 16.32,337.45]"
"406","2.28, ___CI: 1.00-5.22","  2.28[  1.00,  5.22]"
"407","2.64, ___CI: 1.63-4.29","  2.64[  1.63,  4.29]"
"408","1.52, ___CI: 1.01-2.28","  1.52[  1.01,  2.28]"
"409","4.17, ___CI: 2.26-7.67","  4.17[  2.26,  7.67]"
"410","1.77 (___ CI: 0.99¡V3.15","  1.77[  0.99,  3.15]"
"411","0.62; ___ CI 0.52¡V0.73","  0.62[  0.52,  0.73]"
"412","0.53; ___ CI 0.16¡V1.71","  0.53[  0.16,  1.71]"
"413","2.79, ___ CI: 2.46 - 3.18","  2.79[  2.46,  3.18]"
"414","4.09, ___ CI: 2.80 - 5.98","  4.09[  2.80,  5.98]"
"415","0.66-1.44, P?=?0.08","  0.66[  1.44,  0.08]"
"416","0.68-0.77, P?=?0.02","  0.68[  0.77,  0.02]"
"417","0.62¡V0.67, P?=?0.01","  0.62[  0.67,  0.01]"
"418","0.50 [CrI, 0.41 to 0.62","  0.50[  0.41,  0.62]"
"419","0.41 [CrI, 0.19 to 0.85","  0.41[  0.19,  0.85]"
"420","0.53 [CrI, 0.36 to 0.78","  0.53[  0.36,  0.78]"
"421","0.35 [CrI, 0.19 to 0.61","  0.35[  0.19,  0.61]"
"422","0.53 [CrI, 0.33 to 0.84","  0.53[  0.33,  0.84]"
"423","0.36 [CrI, 0.18 to 0.73","  0.36[  0.18,  0.73]"
"424","0.44; ___ CI, 0.28-0.68","  0.44[  0.28,  0.68]"
"425","0.30; ___ CI, 0.16-0.55","  0.30[  0.16,  0.55]"
"426","0.58; ___ CI, 0.42-0.80","  0.58[  0.42,  0.80]"
"427","1.19; ___ CI, 0.52-2.74","  1.19[  0.52,  2.74]"
"428","1.7; ___ CI 1.0¡V2.9","   1.7[   1.0,   2.9]"
"429","1.0; ___ CI 0.8¡V1.3","   1.0[   0.8,   1.3]"
"430","1.01; ___ CI: 0.62-1.65","  1.01[  0.62,  1.65]"
"431","0.97; ___ CI: 0.79-1.14","  0.97[  0.79,  1.14]"
"432","0.91; ___ CI: 0.54-1.54","  0.91[  0.54,  1.54]"
"433","0.24; ___ CI: 0.07-0.82","  0.24[  0.07,  0.82]"
"434","1.26; ___ CI: 1.06-1.49","  1.26[  1.06,  1.49]"
"435","2.44; ___ CI: 1.07-5.54","  2.44[  1.07,  5.54]"
"436","0.82; ___ CI 0.75-0.91","  0.82[  0.75,  0.91]"
"437","40¡P3, ___ confidence interval (CI) 22","    40[     3,    22]"
"438","19¡P1, ___ CI 9","    19[     1,     9]"
"439","13¡P7, ___ CI 7","    13[     7,     7]"
"440","6¡P8, ___ CI 3","     6[     8,     3]"
"441","4¡P4, ___ CI 2","     4[     4,     2]"
"442","3¡P2, ___ CI 1","     3[     2,     1]"
"443","2¡P4, ___ CI 1","     2[     4,     1]"
"444","1.42 (___ CI 1.20¡V1.67","  1.42[  1.20,  1.67]"
"445","0.20; ___CI, 0.11¡V0.38","  0.20[  0.11,  0.38]"
"446","0.18; ___CI, 0.10¡V0.33","  0.18[  0.10,  0.33]"
"447","0.17; ___CI, 0.06¡V0.54","  0.17[  0.06,  0.54]"
"448","2.97; ___CI, 1.09¡V8.08","  2.97[  1.09,  8.08]"
"449","4.77 (___ CI: 1.69, 13.45","  4.77[  1.69, 13.45]"
"450","2.638 (___ CI: 0.984, 7.072"," 2.638[ 0.984, 7.072]"
"451","2.26 (___ CI: 1.28, 3.99","  2.26[  1.28,  3.99]"
"452","1.90; ___ CI: 1.21-2.99","  1.90[  1.21,  2.99]"
"453","1.93; ___ CI: 0.62-6.04","  1.93[  0.62,  6.04]"
"454","1.06, ___CI: 1.01, 1.12","  1.06[  1.01,  1.12]"
"455","1.12, ___CI: 1.09, 1.15","  1.12[  1.09,  1.15]"
"456","1.65 (___ CI: 0.98-2.77","  1.65[  0.98,  2.77]"
"457","2.47; ___ CI: 1.03-5.93","  2.47[  1.03,  5.93]"
"458","9.75; ___ CI, 4.8¡V20.1","  9.75[   4.8,  20.1]"
"459","4.9; ___ CI, 2.2¡V10.7","   4.9[   2.2,  10.7]"
"460","10.6; ___ CI, 4.9¡V23.0","  10.6[   4.9,  23.0]"
"461","4.3; ___ CI, 2.3¡V8.2","   4.3[   2.3,   8.2]"
"462","0.45 [___ CI, 0.23- 0.89","  0.45[  0.23,  0.89]"
"463","0.45 [___ CI, 0.19 -1.03","  0.45[  0.19, -1.03]"
"464","1.00 [___ CI, 0.20 -5.09","  1.00[  0.20, -5.09]"
"465","0.84 [___ CI, 0.46 -1.53","  0.84[  0.46, -1.53]"
"466","0.30, ___ CI (0.16¡V0.55","  0.30[  0.16,  0.55]"
"467","0.88, ___ CI (0.31¡V2.48","  0.88[  0.31,  2.48]"
"468","0.14, ___ CI 0.03¡V0.78","  0.14[  0.03,  0.78]"
"469","0.38, ___ CI 0.23¡V0.63","  0.38[  0.23,  0.63]"
"470","3.83, ___ CI 1.55¡V9.44","  3.83[  1.55,  9.44]"
"471","1.44 (___ CI 0.34¡V6.07","  1.44[  0.34,  6.07]"
"472","0.58; ___ CI 0.26-1.28","  0.58[  0.26,  1.28]"
"473","1.01; ___ CI 0.14-7.18","  1.01[  0.14,  7.18]"
"474","0.58; ___ CI 0.27-1.27","  0.58[  0.27,  1.27]"
"475","1.55, ___ CI: 1.00-2.41","  1.55[  1.00,  2.41]"
"476","11.42, ___CI (3.60, 37.68"," 11.42[  3.60, 37.68]"
"477","3.85,___CI (1.29, 12.79","  3.85[  1.29, 12.79]"
"478","2.69, ___ CI: 1.62-4.46","  2.69[  1.62,  4.46]"
"479","3.59; ___ CIs: 2.77¡V5.57","  3.59[  2.77,  5.57]"
"480","1.44, ___ CI 0.96¡V2.15","  1.44[  0.96,  2.15]"
"481","1.28, ___ CI 0.82¡V2.01","  1.28[  0.82,  2.01]"
"482","1.52; ___ CI, 1.20-1.94","  1.52[  1.20,  1.94]"
"483","1.38; ___ CI, 1.08-1.76","  1.38[  1.08,  1.76]"
"484","0.66, ___ CI 0.47¡V0.93","  0.66[  0.47,  0.93]"
"485","0.53, ___ CI 0.33¡V0.84","  0.53[  0.33,  0.84]"
"486","0.74, ___ CI 0.22¡V2.42","  0.74[  0.22,  2.42]"
"487","0.99, ___ CI 0.70¡V1.41","  0.99[  0.70,  1.41]"
"488","4.245; ___ CI: 1.141¡V15.789"," 4.245[ 1.141,15.789]"
"489","-35 (H&N-35), 474","   -35[   -35,   474]"
"490","0.732, ___ CI 0.539-0.994"," 0.732[ 0.539, 0.994]"
"491","0.775, ___ CI 0.603-0.995"," 0.775[ 0.603, 0.995]"
"492","0.676, ___ CI 0.513-0.892"," 0.676[ 0.513, 0.892]"
"493","0.709, ___ CI 0.534-0.940"," 0.709[ 0.534, 0.940]"
"494","0.675, ___ CI 0.540-0.844"," 0.675[ 0.540, 0.844]"
"495","0.557, ___ CI 0.465-0.668"," 0.557[ 0.465, 0.668]"
"496","0.582, ___ CI 0.489-0.692"," 0.582[ 0.489, 0.692]"
"497","3.78; ___ CI 2.71¡V5.27","  3.78[  2.71,  5.27]"
"498","3.53; ___ CI 2.13¡V5.86","  3.53[  2.13,  5.86]"
"499","2.15; ___ CI 1.53¡V3.02","  2.15[  1.53,  3.02]"
"500","2.13; ___ CI 1.13¡V3.99","  2.13[  1.13,  3.99]"
"501","2.07; ___ CI 1.05¡V4.09","  2.07[  1.05,  4.09]"
"502","0.31; ___ CI 0.13-0.73","  0.31[  0.13,  0.73]"
"503","1.16; ___ CI 0.64-2.12","  1.16[  0.64,  2.12]"
"504","5.28 (2.49-11.17","  5.28[  2.49, 11.17]"
"505","3.35 (2.26-4.97","  3.35[  2.26,  4.97]"
"506","0.89, ___ CI 0.86-0.92","  0.89[  0.86,  0.92]"
"507","0.63, ___ CI 0.52-0.77","  0.63[  0.52,  0.77]"
"508","1.08, ___ CI 1.01-1.15","  1.08[  1.01,  1.15]"
"509","1.79, ___ CI 1.48-2.16","  1.79[  1.48,  2.16]"
"510","1.76, [___ CI 1.26-2.45","  1.76[  1.26,  2.45]"
"511","2.73 (___ CI 1.53-4.87","  2.73[  1.53,  4.87]"
"512","1.35; ___ CI: 0.68¡V2.67","  1.35[  0.68,  2.67]"
"513","1.20; ___ CI: 0.39¡V3.76","  1.20[  0.39,  3.76]"
"514","2.23; ___ CI: 1.18¡V4.21","  2.23[  1.18,  4.21]"
"515","2.96; ___ CI: 1.19¡V7.34","  2.96[  1.19,  7.34]"
"516","0.40, ___ CI 0.25-0.63","  0.40[  0.25,  0.63]"
"517","0.65, ___ CI 0.51-0.82","  0.65[  0.51,  0.82]"
"518","0.28; ___ CI: 0.25 to0.31","  0.28[  0.25,  0.31]"
"519","0.79; ___ CI: 0.45 to 1.34","  0.79[  0.45,  1.34]"
"520","1.77; ___ CI: 1.09, 2.87","  1.77[  1.09,  2.87]"
"521","2.65; ___ CI: 1.79, 3.92","  2.65[  1.79,  3.92]"
"522","6.07, ___ CI: 4.84, 7.62","  6.07[  4.84,  7.62]"
"523","1.62; ___ CI: 1.52-1.74","  1.62[  1.52,  1.74]"
"524","1.47; ___ CI: 1.20-1.80","  1.47[  1.20,  1.80]"
"525","2.00; ___ CI: 1.34-2.99","  2.00[  1.34,  2.99]"
"526","2.72; ___ CI: 2.18-3.40","  2.72[  2.18,  3.40]"
"527","2.41; ___ CI: 1.74-3.34","  2.41[  1.74,  3.34]"
"528","2.88; ___ CI: 1.79-4.64","  2.88[  1.79,  4.64]"
"529","1.61; ___ CI: 1.44-1.80","  1.61[  1.44,  1.80]"
"530","0.48; ___ CI: 0.26-0.89","  0.48[  0.26,  0.89]"
"531","1.97; ___ CI: 0.75-5.19","  1.97[  0.75,  5.19]"
"532","0.63; ___ CI: 0.08-4.90","  0.63[  0.08,  4.90]"
"533","5.11, ___ CI 0.24 to 107.34","  5.11[  0.24,107.34]"
"534","1.56, ___ CI 0.84 to 2.88","  1.56[  0.84,  2.88]"
"535","1.13, ___ CI 0.36 to 3.54","  1.13[  0.36,  3.54]"
"536","1.29, ___ CI 0.33 to 4.99","  1.29[  0.33,  4.99]"
"537","1.23, ___ CI 0.13 to 11.65","  1.23[  0.13, 11.65]"
"538","1.05, ___ CI 0.12 to 9.47","  1.05[  0.12,  9.47]"
"539","1.99, ___ CI 1.05 to 3.77","  1.99[  1.05,  3.77]"
"540","3.64, ___ CI 1.31 to 10.13","  3.64[  1.31, 10.13]"
"541","0.58, ___ CI 0.23 to 1.49","  0.58[  0.23,  1.49]"
"542","348.16, ___ CI 45.39 to 2670.26","348.16[ 45.39,2670.26]"
"543","1.42, ___ CI 0.34 to 5.94","  1.42[  0.34,  5.94]"
"544","0.60 ___CI = 0.38 to 1.17","  0.60[  0.38,  1.17]"
"545","203.00, ___ CI 9.01 to 4574.81","203.00[  9.01,4574.81]"
"546","27.88, ___ CI 1.48 to 526.12"," 27.88[  1.48,526.12]"
"547","0.27, ___ CI 0.09 to 0.76","  0.27[  0.09,  0.76]"
"548","0.90, ___ CI 0.73¡V1.10","  0.90[  0.73,  1.10]"
"549","0.21, ___CI = 0.07-0.66","  0.21[  0.07,  0.66]"
"550","0.31, ___CI = 0.2-0.5","  0.31[   0.2,   0.5]"
"551","1.98, ___ CI 1.08¡V3.63","  1.98[  1.08,  3.63]"
"552","1.56, ___ CI 0.49¡V4.96","  1.56[  0.49,  4.96]"
"553","0.87, ___ CI 0.47¡V1.62","  0.87[  0.47,  1.62]"
"554","0.61, ___ CI 0.12¡V3.22","  0.61[  0.12,  3.22]"
"555","0.51, ___ CI 0.20¡V1.34","  0.51[  0.20,  1.34]"
"556","1.94 (___ CI 1.10 to 3.44","  1.94[  1.10,  3.44]"
"557","2.29 (1.09 to 4.78","  2.29[  1.09,  4.78]"
"558","0.43; ___CI 0.25-0.73","  0.43[  0.25,  0.73]"
"559","0.58; ___CI 0.43-0.78","  0.58[  0.43,  0.78]"
"560","0.67; ___CI 0.47-0.97","  0.67[  0.47,  0.97]"
"561","0.62; ___CI 0.47-0.83","  0.62[  0.47,  0.83]"
"562","1.90; ___ CI, 1.23-2.93","  1.90[  1.23,  2.93]"
"563","0.50, ___ CI?=?0.34¡V0.73","  0.50[  0.34,  0.73]"
"564","0.52, ___ CI?=?0.32¡V0.84","  0.52[  0.32,  0.84]"
"565","0.24; ___ CI 0.10 to 0.58","  0.24[  0.10,  0.58]"
"566","2.70, ___ CI 1.49 to 4.91","  2.70[  1.49,  4.91]"
"567","2.01, ___ CI 0.74 to 5.48","  2.01[  0.74,  5.48]"
"568","1.15;___ CI: 0.77-1.72","  1.15[  0.77,  1.72]"
"569","1.91, ___CI 1.09 to 3.34","  1.91[  1.09,  3.34]"
"570","2.95, ___CI 1.84 to 4.75","  2.95[  1.84,  4.75]"
"571","8.57, ___CI 5.08 to 12.07","  8.57[  5.08, 12.07]"
"572","3.89, ___CI 1.53 to 9.92","  3.89[  1.53,  9.92]"
"573","0.23 (0.09 to 0.59","  0.23[  0.09,  0.59]"
"574","8.64 (1.97 to 37.79","  8.64[  1.97, 37.79]"
"575","1.66, ___ CI=1.19-2.32","  1.66[  1.19,  2.32]"
"576","1.73, ___ CI=1.26-2.37","  1.73[  1.26,  2.37]"
"577","2.39, ___ CI=1.45-3.94","  2.39[  1.45,  3.94]"
"578","0.85, ___ CI=0.61-1.19","  0.85[  0.61,  1.19]"
"579","1.24, ___ CI=0.93-1.65","  1.24[  0.93,  1.65]"
"580","2.44, ___ CI 1.22¡V4.87","  2.44[  1.22,  4.87]"
"581","1.04, ___ CI 0.81¡V1.33","  1.04[  0.81,  1.33]"
"582","0.30, ___CI: 0.15-0.61","  0.30[  0.15,  0.61]"
"583","0.48, ___CI: 0.25-0.89","  0.48[  0.25,  0.89]"
"584","0.36, ___CI: 0.23-0.56","  0.36[  0.23,  0.56]"
"585","0.74, ___CI: 0.50-1.09","  0.74[  0.50,  1.09]"
"586","0.77, ___CI: 0.52-1.12","  0.77[  0.52,  1.12]"
"587","1.23, ___ CI: 0.77-1.96","  1.23[  0.77,  1.96]"
"588","0.99; ___ CI: 0.62-1.60","  0.99[  0.62,  1.60]"
"589","1.38; ___ CI: 0.96-1.97","  1.38[  0.96,  1.97]"
"590","1.17; ___ CI: 0.63-2.17","  1.17[  0.63,  2.17]"
"591","0.35, ___ CI = 0.17¡V0.69","  0.35[  0.17,  0.69]"
"592","0.61, ___ CI = 0.43¡V0.86","  0.61[  0.43,  0.86]"
"593","0.83, ___ CI = 0.7¡V0.98","  0.83[   0.7,  0.98]"
"594","0.58, ___ CI = 0.45¡V0.77","  0.58[  0.45,  0.77]"
"595","0.97, ___ CI = 0.81-1.23","  0.97[  0.81,  1.23]"
"596","0.98, ___ CI = 0.76-1.27","  0.98[  0.76,  1.27]"
"597","0.97, ___ CI = 0.70-1.35","  0.97[  0.70,  1.35]"
"598","0.88, ___ CI = 0.67-1.15","  0.88[  0.67,  1.15]"
"599","0.96, ___ CI = 0.67-1.37","  0.96[  0.67,  1.37]"
"600","1.03, ___ CI = 0.74-1.43","  1.03[  0.74,  1.43]"
"601","0.88, ___ CI = 0.73-1.06","  0.88[  0.73,  1.06]"
"602","0.94, ___ CI = 0.80-1.11","  0.94[  0.80,  1.11]"
"603","0.75, ___ CI = 0.61-0.92","  0.75[  0.61,  0.92]"
"604","0.73, ___ CI = 0.57-0.93","  0.73[  0.57,  0.93]"
"605","0.74, ___ CI = 0.60-0.92","  0.74[  0.60,  0.92]"
"606","1.11, ___ CI = 0.72-1.71","  1.11[  0.72,  1.71]"
"607","1.25, ___ CI = 1.04-1.50","  1.25[  1.04,  1.50]"
"608","1.29, ___ CI = 0.81-2.01","  1.29[  0.81,  2.01]"
"609","1.42, ___ CI = 1.05-1.93","  1.42[  1.05,  1.93]"
"610","1.63, ___ CI = 1.11-2.38","  1.63[  1.11,  2.38]"
"611","1.32, ___ CI = 0.95-1.84","  1.32[  0.95,  1.84]"
"612","0.92, ___ CI = 0.72-1.19","  0.92[  0.72,  1.19]"
"613","1.25, 0.90-1.73","  1.25[  0.90,  1.73]"
"614","0¡P43, 95","     0[    43,    95]"
"615","5¡P55, 2","     5[    55,     2]"
"616","0¡P74, 0","     0[    74,     0]"
"617","1¡P37, 0","     1[    37,     0]"
"618","0.59, ___ CI (0.39, 0.90","  0.59[  0.39,  0.90]"
"619","0.34, ___ CI (0.13, 0.91","  0.34[  0.13,  0.91]"
"620","0.64; ___ CI, .51-.79","  0.64[   .51,   .79]"
"621","0.73; ___ CI, .55-.97","  0.73[   .55,   .97]"
"622","2.1, ___CI: 1.5-2.7","   2.1[   1.5,   2.7]"
"623","1.5, ___CI: 1.1-2.1","   1.5[   1.1,   2.1]"
"624","1.4, ___CI: 1.1-1.8","   1.4[   1.1,   1.8]"
"625","2.9, ___CI: 1.9-4.4","   2.9[   1.9,   4.4]"
"626","2.6, ___CI: 1.6-4.3","   2.6[   1.6,   4.3]"
"627","2.7, ___CI: 1.6-4.6","   2.7[   1.6,   4.6]"
"628","2.3, ___CI: 1.5-3.4","   2.3[   1.5,   3.4]"
"629","0.4, ___CI: 0.3-0.6","   0.4[   0.3,   0.6]"
"630","0.6, ___CI: 0.4-0.9","   0.6[   0.4,   0.9]"
"631","0.08, ___ CrI 0.00 to 0.57","  0.08[  0.00,  0.57]"
"632","243.31 (97.679-606.08","243.31[97.679,606.08]"
"633","0¡P79, 95","     0[    79,    95]"
"634","0¡P58, 0","     0[    58,     0]"
"635","1¡P13, 0","     1[    13,     0]"
"636","0¡P66, 0","     0[    66,     0]"
"637","1.72; ___ CI 1.62-1.82","  1.72[  1.62,  1.82]"
"638","1.29; ___ CI 1.21-1.36","  1.29[  1.21,  1.36]"
"639","1.07; ___ CI 0.99-1.15","  1.07[  0.99,  1.15]"
"640","1.09; ___ CI 0.93-1.27","  1.09[  0.93,  1.27]"
"641","1.09; ___ CI 0.91-1.30","  1.09[  0.91,  1.30]"
"642","0.29 (___ CI: 0.20-0.44","  0.29[  0.20,  0.44]"
"643","0.42 (___ CI: 0.14-1.25","  0.42[  0.14,  1.25]"
"644","0.40 (___ CI: 0.18-0.86","  0.40[  0.18,  0.86]"
"645","0.32 (___ CI: 0.17-0.63","  0.32[  0.17,  0.63]"
"646","0.25 (___ CI: 0.13-0.50","  0.25[  0.13,  0.50]"
"647","0.935; ___ CI, 0.716 ¡V1.219"," 0.935[ 0.716, 1.219]"
"648","0.36, ___ CI 0.15¡V0.87","  0.36[  0.15,  0.87]"
"649","1.34, ___ CI 0.73¡V2.46","  1.34[  0.73,  2.46]"
"650","0.65, ___ CI 0.40¡V1.05","  0.65[  0.40,  1.05]"
"651","0.23, ___ CI [0.05, 0.97","  0.23[  0.05,  0.97]"
"652","0.62; ___ CI=0.40 to 0.95","  0.62[  0.40,  0.95]"
"653","1.05; ___ CI=0.88 to 1.27","  1.05[  0.88,  1.27]"
"654","0.92; ___ CI=0.69 to 1.22","  0.92[  0.69,  1.22]"
"655","1.77; ___ CI: 1.19-2.63","  1.77[  1.19,  2.63]"
"656","1.59; ___ CI: 1.04-2.45","  1.59[  1.04,  2.45]"
"657","2.54; ___ CI: 1.23-5.26","  2.54[  1.23,  5.26]"
"658","0.68; ___ CI: 0.49-0.95","  0.68[  0.49,  0.95]"
"659","0.54; ___ CI: 0.35-0.83","  0.54[  0.35,  0.83]"
"660","1.29; ___ CI: 1.02-1.63","  1.29[  1.02,  1.63]"
"661","1.38; ___ CI: 1.00-1.89","  1.38[  1.00,  1.89]"
"662","1.41; ___ CI: 1.02-1.94","  1.41[  1.02,  1.94]"
"663","2.23; ___ CI, 1.71 to 2.91","  2.23[  1.71,  2.91]"
"664","1.25; ___ CI, 1.06 to 1.48","  1.25[  1.06,  1.48]"
"665","2.57; ___ CI, 1.50 to 4.39","  2.57[  1.50,  4.39]"
"666","1.79; ___ CI, 1.50 to 2.15","  1.79[  1.50,  2.15]"
"667","1.54; ___ CI, 1.18 to 2.02","  1.54[  1.18,  2.02]"
"668","1.51; ___ CI, 1.17 to 1.95","  1.51[  1.17,  1.95]"
"669","1.82; ___CI: 1.41, 2.35","  1.82[  1.41,  2.35]"
"670","1.68; ___CI: 1.18, 2.41","  1.68[  1.18,  2.41]"
"671","2.15; ___CI: 1.89, 2.46","  2.15[  1.89,  2.46]"
"672","2.79, (___CI 1.39, 5.58","  2.79[  1.39,  5.58]"
"673","2.89 (___CI 1.78, 4.68","  2.89[  1.78,  4.68]"
"674","3.92, (___CI 1.76, 8.7","  3.92[  1.76,   8.7]"
"675","2.96, ___ CI: 1.99¡V4.42","  2.96[  1.99,  4.42]"
"676","2.27, ___ CI: 0.68¡V7.56","  2.27[  0.68,  7.56]"
"677","0.50, ___ CI: 0.23¡V1.12","  0.50[  0.23,  1.12]"
"678","0.77, ___ CI: 0.52¡V1.15","  0.77[  0.52,  1.15]"
"679","0.53, ___ CI: 0.34¡V0.81","  0.53[  0.34,  0.81]"
"680","0.35, ___ CI: 0.13¡V0.89","  0.35[  0.13,  0.89]"
"681","0.183, ___ CI 0.0449-0.744"," 0.183[0.0449, 0.744]"
"682","0.68, 95?% CI (0.51","  0.68[    95,  0.51]"
"683","0.76, 95?% CI (0.56","  0.76[    95,  0.56]"
"684","0.80, 95?% CI (0.32","  0.80[    95,  0.32]"
"685","1.97 (___ CI?=?1.07¡V3.46","  1.97[  1.07,  3.46]"
"686","0.53, ___ CI 0.39¡V0.73","  0.53[  0.39,  0.73]"
"687","0.83, ___ CI 0.59¡V1.16","  0.83[  0.59,  1.16]"
"688","1.73, ___ 0.97¡V3.06","  1.73[  0.97,  3.06]"
"689","0.45, ___ CI 0.30¡V0.67","  0.45[  0.30,  0.67]"
"690","0.49, ___ CI 0.26¡V0.95","  0.49[  0.26,  0.95]"
"691","0.97, ___ CI 0.45¡V2.12","  0.97[  0.45,  2.12]"
"692","0.50; ___ CI: 0.35¡V0.71","  0.50[  0.35,  0.71]"
"693","0.82; ___ CI: 0.70¡V0.97","  0.82[  0.70,  0.97]"
"694","0.55; ___ CI: 0.31¡V0.99","  0.55[  0.31,  0.99]"
"695","5.23; ___ CI 2.45¡V11.14","  5.23[  2.45, 11.14]"
"696","4.69; ___ CI 3.02¡V7.29","  4.69[  3.02,  7.29]"
"697","4.67; ___ CI 2.02¡V10.78","  4.67[  2.02, 10.78]"
"698","2.7; ___ CI 1.15¡V6.3","   2.7[  1.15,   6.3]"
"699","3.54; ___ CI 1.27¡V9.85","  3.54[  1.27,  9.85]"
"700","1.83; ___ CI 1.16¡V2.9","  1.83[  1.16,   2.9]"
"701","1.68; ___ CI 1.02¡V2.76","  1.68[  1.02,  2.76]"
"702","6.08; ___ CI 4.05¡V9.13","  6.08[  4.05,  9.13]"
"703","2.26; ___ CI 1.41¡V3.61","  2.26[  1.41,  3.61]"
"704","1.38; ___ CI 1.06¡V1.8","  1.38[  1.06,   1.8]"
"705","1.37; ___ CI 1.01¡V1.86","  1.37[  1.01,  1.86]"
"706","1.918; ____CI: 1.351, 2.723"," 1.918[ 1.351, 2.723]"
"707","1.811; ____CI: 0.895, 3.663"," 1.811[ 0.895, 3.663]"
"708","1.876; ____CI: 1.326, 2.654"," 1.876[ 1.326, 2.654]"
"709","1.493; ____CI: 1.167, 1.910"," 1.493[ 1.167, 1.910]"
"710","4.14 [1.93, 8.91","  4.14[  1.93,  8.91]"
"711","0.76, ___ CI = 0.56-1.03","  0.76[  0.56,  1.03]"
"712","0.52; ___ CI = 0.31, 0.88","  0.52[  0.31,  0.88]"
"713","3.46; ___ CI = 2.08, 5.77","  3.46[  2.08,  5.77]"
"714","1.572, 95?% CI 1.146"," 1.572[    95, 1.146]"
"715","1.884, 95?% CI 1.236"," 1.884[    95, 1.236]"
"716","1.454 95?% CI 1.034"," 1.454[    95, 1.034]"
"717","1.741, 95?% CI 1.080"," 1.741[    95, 1.080]"
"718","0.06, ___ CI 0.00 to 3.44","  0.06[  0.00,  3.44]"
"719","0.50; ___ CI 0.38¡V0.66","  0.50[  0.38,  0.66]"
"720","0.90; 95?% CI 0.77","  0.90[    95,  0.77]"
"721","0.99; 95?% CI 0.93","  0.99[    95,  0.93]"
"722","0.80; 95?% CI 0.57","  0.80[    95,  0.57]"
"723","0.82; 95?% CI 0.70","  0.82[    95,  0.70]"
"724","0.22; ___ CI, 0.13¡V0.37","  0.22[  0.13,  0.37]"
"725","2.15; 95?% CI = 1.36","  2.15[    95,  1.36]"
"726","1.55; 95?% CI = 1.05","  1.55[    95,  1.05]"
"727","1.48; 95?% CI = 1.04","  1.48[    95,  1.04]"
"728","1.22; 95?% CI = 0.69","  1.22[    95,  0.69]"
"729","1.05; 95?% CI = 0.63","  1.05[    95,  0.63]"
"730","1.08; 95?% CI = 0.65","  1.08[    95,  0.65]"
"731","1.04; 95?% CI = 0.59","  1.04[    95,  0.59]"
"732","1.04; 95?% CI = 0.74","  1.04[    95,  0.74]"
"733","3.98; 95?% CI = 0.72","  3.98[    95,  0.72]"
"734","1.26,95?% CI = 0.84","  1.26[    95,  0.84]"
"735","1.29,95?% CI = 0.99","  1.29[    95,  0.99]"
"736","1.16; 95?% CI = 0.66","  1.16[    95,  0.66]"
"737","1.17, 95?% CI = 0.61","  1.17[    95,  0.61]"
"738","1.84,95?% CI = 0.94","  1.84[    95,  0.94]"
"739","1.69; 95?% CI = 0.65","  1.69[    95,  0.65]"
"740","0.55; 95?% CI = 0.33","  0.55[    95,  0.33]"
"741","0.94; 95?% CI = 0.79","  0.94[    95,  0.79]"
"742","0.80,95?% CI = 0.50","  0.80[    95,  0.50]"
"743","0.77,95?% CI = 0.40","  0.77[    95,  0.40]"
"744","6.12 with ___ CI 1.62¡V23.10","  6.12[  1.62, 23.10]"
"745","36.43 with ___ CI 9.94¡V133.6"," 36.43[  9.94, 133.6]"
"746","25.45 with ___ CI 15.13¡V42.81"," 25.45[ 15.13, 42.81]"
"747","1.96, ___CI?=?1.56¡V2.46","  1.96[  1.56,  2.46]"
"748","1.64, ___CI?=?1.02¡V2.62","  1.64[  1.02,  2.62]"
"749","2.06, ___CI?=?1.50¡V2.84","  2.06[  1.50,  2.84]"
"750","2.78, ___CI?=?1.98¡V3.89","  2.78[  1.98,  3.89]"
"751","1.23, ___ CI 1.00-1.51","  1.23[  1.00,  1.51]"
"752","1.11, ___ CI 0.91-1.35","  1.11[  0.91,  1.35]"
"753","0.80, 95?% confidence interval (CI) 0","  0.80[    95,     0]"
"754","0.54: 95?% CI 0.18","  0.54[    95,  0.18]"
"755","0.70; 95?% CI 0.39","  0.70[    95,  0.39]"
"756","1.87; 95?% CI 1.07","  1.87[    95,  1.07]"
"757","0.29; ___ CI, 0.13-0.67","  0.29[  0.13,  0.67]"
"758","0.47; ___ CI, 0.30-0.74","  0.47[  0.30,  0.74]"
"759","3.37, ___CI: 1.39¡V8.2","  3.37[  1.39,   8.2]"
"760","1.47, ___ CI 1.13-1.91","  1.47[  1.13,  1.91]"
"761","1.57, ___ CI 1.37-1.79","  1.57[  1.37,  1.79]"
"762","2.14, ___ CI 1.86-2.47","  2.14[  1.86,  2.47]"
"763","2.54, ___ CI 1.99-3.25","  2.54[  1.99,  3.25]"
"764","2.25, ___ Cl 1.78-2.85","  2.25[  1.78,  2.85]"
"765","1.74, ___ CI 1.19-2.53","  1.74[  1.19,  2.53]"
"766","3.30 (___CI, 2.81¡V3.88","  3.30[  2.81,  3.88]"
"767","1.04, ___ CI = 0.52-2.10","  1.04[  0.52,  2.10]"
"768","0.26, ___ CI = 0.11-0.64","  0.26[  0.11,  0.64]"
"769","0.32, ___ CI = 0.15-0.68","  0.32[  0.15,  0.68]"
"770","1.16; ___ CI: 0.61-2.19","  1.16[  0.61,  2.19]"
"771","1.00; ___ CI: 0.40-2.50","  1.00[  0.40,  2.50]"
"772","0.58; ___ CI: 0.23-1.46","  0.58[  0.23,  1.46]"
"773","0.74; ___ CI: 0.21-2.65","  0.74[  0.21,  2.65]"
"774","1.11; ___ CI: 0.42-2.93","  1.11[  0.42,  2.93]"
"775","0.15; ___ CI: 0.02-1.48","  0.15[  0.02,  1.48]"
"776","3.26; ___ CI: 1.01-10.46","  3.26[  1.01, 10.46]"
"777","66.38?% (95?% CI, 57.96"," 66.38[    95, 57.96]"
"778","0.48; ___ CI, 0.31¡V0.74","  0.48[  0.31,  0.74]"
"779","0.19; ___ CI, 0.08¡V0.45","  0.19[  0.08,  0.45]"
"780","-0.89.02, CI (-114.69"," -0.89[   .02,-114.69]"
"781","1.64, ___ CI (0.88, 3.30","  1.64[  0.88,  3.30]"
"782","1.62; ___ CI, 1.33-1.98","  1.62[  1.33,  1.98]"
"783","1.62 (___ CI: 1.26-2.07","  1.62[  1.26,  2.07]"
"784","1.63 (___ CI: 1.29-2.04","  1.63[  1.29,  2.04]"
"785","1.61 (___ CI: 1.33-1.95","  1.61[  1.33,  1.95]"
"786","1.62; ___ CI, 1.15-2.29","  1.62[  1.15,  2.29]"
"787","1.43; ___ CI, 1.07-1.93","  1.43[  1.07,  1.93]"
"788","2.16 (___ CI: 0.73¡V6.41","  2.16[  0.73,  6.41]"
"789","2.87 (___ CI: 1.38¡V5.98","  2.87[  1.38,  5.98]"
"790","18.86; 95?% confidence interval [CI] 2"," 18.86[    95,     2]"
"791","1.73 (95?% CI 1.16","  1.73[    95,  1.16]"
"792","4.16 (95?% CI 1.74","  4.16[    95,  1.74]"
"793","8.05, ___CI 5.80 to 11.15","  8.05[  5.80, 11.15]"
"794","5.10, ___CI 3.01 to 8.67","  5.10[  3.01,  8.67]"
"795","10.55, ___CI 7.28 to 15.30"," 10.55[  7.28, 15.30]"
"796","10.77, ___CI 3.88 to 29.95"," 10.77[  3.88, 29.95]"
"797","2.37, ___CI 1.50 to 3.75","  2.37[  1.50,  3.75]"
"798","12.14, ___CI 4.80 to 30.73"," 12.14[  4.80, 30.73]"
"799","5.06, ___CI 2.30 to 11.14","  5.06[  2.30, 11.14]"
"800","5.21, ___CI 2.62 to 10.35","  5.21[  2.62, 10.35]"
"801","5.82, ___CI 2.60 to 13.04","  5.82[  2.60, 13.04]"
"802","8.38, ___CI 3.31 to 23.08","  8.38[  3.31, 23.08]"
"803","4.17; ___ CI 2.53-6.87","  4.17[  2.53,  6.87]"
"804","3.02; ___ CI 1.96-4.67","  3.02[  1.96,  4.67]"
"805","1.88; ___ CI, 1.02 to 3.46","  1.88[  1.02,  3.46]"
"806","3.42; ___ CI, 1.12 to 10.42","  3.42[  1.12, 10.42]"
"807","1.50; ___ CI, 0.82 to 2.75","  1.50[  0.82,  2.75]"
"808","1.54; ___ CI, 0.88 to 2.69","  1.54[  0.88,  2.69]"
"809","0.5; ____ CI: 0.21-0.78","   0.5[  0.21,  0.78]"
"810","2.53, ___Cl 1.96-3.25","  2.53[  1.96,  3.25]"
"811","2.1, ___ CI 1.32¡V3.31","   2.1[  1.32,  3.31]"
"812","2.16 (___ CI = 1.46-3.21","  2.16[  1.46,  3.21]"
"813","8.8 [___ CI: 4.73-16.38","   8.8[  4.73, 16.38]"
"814","1.65, ___CI: 0.58-4.63","  1.65[  0.58,  4.63]"
"815","0.08; ____ CI, 0.02, 0.24","  0.08[  0.02,  0.24]"
"816","0.50; ____ CI, 0.27, 0.91","  0.50[  0.27,  0.91]"
"817","0.33 [___ CI 0.20 to 0.55","  0.33[  0.20,  0.55]"
"818","0.21 [___ CI 0.08 to 0.55","  0.21[  0.08,  0.55]"
"819","0.24 [___ CI 0.08 to 0.75","  0.24[  0.08,  0.75]"
"820","0.59 [___ CI 0.27 to 1.27","  0.59[  0.27,  1.27]"
"821","0.17, ___ CI 0.08¡V0.33","  0.17[  0.08,  0.33]"
"822","3.05, ___ CI 1.72¡V5.41","  3.05[  1.72,  5.41]"
"823","2. 07, ___ CI 1.29","     2[    07,  1.29]"
"824","2.13, ___ CI 1.07¡V4.23","  2.13[  1.07,  4.23]"
"825","1.20 (___ Crl 1.01 to 1.43","  1.20[  1.01,  1.43]"
"826","1.07 (___ CI 0.68 to 1.68","  1.07[  0.68,  1.68]"
"827","1.21 (___ Crl 0.63 to 2.38","  1.21[  0.63,  2.38]"
"828","0.99 (___ Crl 0.58 to 1.78","  0.99[  0.58,  1.78]"
"829","2.11, ___ CI: 1.46-3.06","  2.11[  1.46,  3.06]"
"830","2.97, ___ CI: 2.06-4.26","  2.97[  2.06,  4.26]"
"831","1.18, ___ CI: 0.99-1.14","  1.18[  0.99,  1.14]"
"832","1.54, ___ CI: 0.92-2.59","  1.54[  0.92,  2.59]"
"833","1.27, 95?% CI 0.87","  1.27[    95,  0.87]"
"834","2.03; ___ CI, 1.09-3.81","  2.03[  1.09,  3.81]"
"835","3.46; ___ CI, 1.52-7.88","  3.46[  1.52,  7.88]"
"836","3.13; ___ CI, 1.37-7.16","  3.13[  1.37,  7.16]"
"837","4.17; ___ CI, 2.44-7.13","  4.17[  2.44,  7.13]"
"838","3.37; ___ CI, 1.93-5.87","  3.37[  1.93,  5.87]"
"839","10.23; ___ CI, 3.20-32.68"," 10.23[  3.20, 32.68]"
"840","1.09; ___ CI, 1.04- 1.13","  1.09[  1.04,  1.13]"
"841","0.31; ___ CI, 0.12-0.78","  0.31[  0.12,  0.78]"
"842","1.91, ___CI: 1.06-3.44","  1.91[  1.06,  3.44]"
"843","1.93, ___CI: 1.11-3.35","  1.93[  1.11,  3.35]"
"844","3.86, ___CI: 2.58-5.78","  3.86[  2.58,  5.78]"
"845","0.47, ___CI: 0.34-0.65","  0.47[  0.34,  0.65]"
"846","6.44, ___CI: 4.33-9.56","  6.44[  4.33,  9.56]"
"847","6.04, ___CI: 3.56-10.26","  6.04[  3.56, 10.26]"
"848","0.39, ___CI: 0.25-0.58","  0.39[  0.25,  0.58]"
"849","0.27, ___ CI 0.11-0.63","  0.27[  0.11,  0.63]"
"850","3.946, 95?% CI = 3.070"," 3.946[    95, 3.070]"
"851","0.95, ___ CI 0.68-1.32","  0.95[  0.68,  1.32]"
"852","1.59, ___ CI 1.21-2.09","  1.59[  1.21,  2.09]"
"853","1.03; 95?% CI 0.84","  1.03[    95,  0.84]"
"854","0.91; 95?% CI 0.75","  0.91[    95,  0.75]"
"855","1.40(___CI 1.18-1.65","  1.40[  1.18,  1.65]"
"856","1.55(___CI 1.36-1.78","  1.55[  1.36,  1.78]"
"857","2.23(___CI 1.83-2.72","  2.23[  1.83,  2.72]"
"858","2.67(___CI 2.05-3.48","  2.67[  2.05,  3.48]"
"859","3.15(___CI 1.25-7.95","  3.15[  1.25,  7.95]"
"860","8.07, 95?% CI 5.67","  8.07[    95,  5.67]"
"861","0.87, ___ CI 0.50-1.52","  0.87[  0.50,  1.52]"
"862","1.58, ___ CI 0.61-4.05","  1.58[  0.61,  4.05]"
"863","1.57, ___ CI 1.04-2.35","  1.57[  1.04,  2.35]"
"864","0.20, ___ CI 0.07-0.59","  0.20[  0.07,  0.59]"
"865","4.43, 95?% CI ?6.14","  4.43[    95,  6.14]"
"866","0.03, 95?% CI ?0.77","  0.03[    95,  0.77]"
"867","1.25, 95?% CI ?0.21","  1.25[    95,  0.21]"
"868","0.06, 95?% CI ?0.93","  0.06[    95,  0.93]"
"869","0.23, 95?% CI ?0.61","  0.23[    95,  0.61]"
"870","0.37, 95?% CI ?0.95","  0.37[    95,  0.95]"
"871","0.6, ___ CI 0.31-1.16","   0.6[  0.31,  1.16]"
"872","0.84, ___ CI 0.41-1.70","  0.84[  0.41,  1.70]"
"873","3.10, ___ CI 0.93-10.37","  3.10[  0.93, 10.37]"
"874","4.03, ___ CI 2.45-6.61","  4.03[  2.45,  6.61]"
"875","2.74, ___ CI 1.52-4.94","  2.74[  1.52,  4.94]"
"876","1.95, ___ CI 1.15-3.30","  1.95[  1.15,  3.30]"
"877","4.39, ___ CI 2.44-7.90","  4.39[  2.44,  7.90]"
"878","3.64, ___ CI 1.74-7.62","  3.64[  1.74,  7.62]"
"879","0.12 [___ CI, 0.06 to 0.22","  0.12[  0.06,  0.22]"
"880","0.18 [CI, 0.10 to 0.32","  0.18[  0.10,  0.32]"
"881","0.10 [CI, 0.04 to 0.27","  0.10[  0.04,  0.27]"
"882","2.16, ___ CI 1.14, 4.11","  2.16[  1.14,  4.11]"
"883","0.68, ___CI 0.47 to 0.99","  0.68[  0.47,  0.99]"
"884","1.7; ___ CI: 1.28-2.25","   1.7[  1.28,  2.25]"
"885","3.12; ___ CI: 1.81-5.40","  3.12[  1.81,  5.40]"
"886","4.29; ___ CI: 2.01-9.15","  4.29[  2.01,  9.15]"
"887","1.90; ___ CI: 1.28-1.83","  1.90[  1.28,  1.83]"
"888","3.44; ___ CI: 1.90-6.26","  3.44[  1.90,  6.26]"
"889","2.69; ___ CI: 1.63-4.45","  2.69[  1.63,  4.45]"
"890","2.53; ___ CI: 1.08-5.96","  2.53[  1.08,  5.96]"
"891","1.54, ___ CI: 1.04-2.28","  1.54[  1.04,  2.28]"
"892","1.47, ___ CI: 0.85-2.56","  1.47[  0.85,  2.56]"
"893","1.99, ___CI 1.72 to 2.31","  1.99[  1.72,  2.31]"
"894","8.77; ___ CI [5.90, 13.02","  8.77[  5.90, 13.02]"
"895","2.483, ___CI 1.243 to 4.959"," 2.483[ 1.243, 4.959]"
"896","1.383, ___CI 1.028 to 1.860"," 1.383[ 1.028, 1.860]"
"897","1.381, ___CI 1.048 to 1.820"," 1.381[ 1.048, 1.820]"
"898","4.776, ___CI 1.280 to 17.819"," 4.776[ 1.280,17.819]"
"899","0.66, ___CI 0.17 to 2.57","  0.66[  0.17,  2.57]"
"900","0.78, ___CI 0.30 to 2.06","  0.78[  0.30,  2.06]"
"901","1.40, ___CI 0.80 to 2.45","  1.40[  0.80,  2.45]"
"902","0.59, ___CI 0.33 to 1.07","  0.59[  0.33,  1.07]"
"903","0.39, ___CI 0.20 to 0.74","  0.39[  0.20,  0.74]"
"904","0.44, ___CI 0.22 to 0.88","  0.44[  0.22,  0.88]"
"905","0.36, ___CI 0.25 to 0.53","  0.36[  0.25,  0.53]"
"906","0.57, ___CI 0.36 to 0.92","  0.57[  0.36,  0.92]"
"907","0.46, ___ CI 0.17-0.52","  0.46[  0.17,  0.52]"
"908","1.44, ___ CI 0.96-2.16","  1.44[  0.96,  2.16]"
"909","1.38, ____I 1.091.73","  1.38[ 1.091,   .73]"
"910","1.50, ____I 1.221.84","  1.50[ 1.221,   .84]"
"911","4.77, ____I 2.838.06","  4.77[ 2.838,   .06]"
"912","1.36, ____I 1.131.63","  1.36[ 1.131,   .63]"
"913","0.86, ___ CI (0.69-1.04","  0.86[  0.69,  1.04]"
"914","0.93, ___ CI (0.82-1.07","  0.93[  0.82,  1.07]"
"915","1.37, ___ CI: 1.17-1.60","  1.37[  1.17,  1.60]"
"916","1.32, ___ CI: 1.14-1.52","  1.32[  1.14,  1.52]"
"917","0.218 (____ CI 0.06-0.47"," 0.218[  0.06,  0.47]"
"918","0.449 (____ CI 0.12-1.16"," 0.449[  0.12,  1.16]"
"919","3.38), tumor size &gt; 20?mm (OR, 2.7","  3.38[    20,   2.7]"
"920","1.34; ___ confidence interval,.85-2.1","  1.34[   .85,   2.1]"
"921","4.83, ___ CrI: 1.88, 13.55","  4.83[  1.88, 13.55]"
"922","4.439, ___ CI: 3.410 - 5.778"," 4.439[ 3.410, 5.778]"
"923","1 = 4.661, ___ CI: 3.937","     1[ 4.661, 3.937]"
"924","2/3 = 1.896","     2[     3, 1.896]"
"925","4 = 6.074; ___ CI: 3.129","     4[ 6.074, 3.129]"
"926","8.245, ___ CI: 5.475 - 12.416"," 8.245[ 5.475,12.416]"
"927","4.166, ___ CI: 3.441 - 5.042"," 4.166[ 3.441, 5.042]"
"928","3.857; ___ CI: 3.288 - 4.524"," 3.857[ 3.288, 4.524]"
"929","8.119; ___ CI: 4.942 - 13.340"," 8.119[ 4.942,13.340]"
"930","1.94, ____ CI: 1.52 to 2.47","  1.94[  1.52,  2.47]"
"931","1.49, ____ CI: 1.07 to 2.08","  1.49[  1.07,  2.08]"
"932","1.76, ____ CI: 1.15 to 2.71","  1.76[  1.15,  2.71]"
"933","1.66 (____ CI: 1.37 to 2.02","  1.66[  1.37,  2.02]"
"934","0.24; 95?% CI, 0.16","  0.24[    95,  0.16]"
"935","0.54; 95?% CI, 0.35","  0.54[    95,  0.35]"
"936","0.47; 95?% CI, 0.25","  0.47[    95,  0.25]"
"937","14.66; ___CI: 6.09-35.26"," 14.66[  6.09, 35.26]"
"938","4.06; ___CI: 3.05-5.39","  4.06[  3.05,  5.39]"
"939","3.23; ___CI: 1.37-7.61","  3.23[  1.37,  7.61]"
"940","1.66, ___ CI 1.11-2.49","  1.66[  1.11,  2.49]"
"941","0.69, ___ CI 0.50-0.95","  0.69[  0.50,  0.95]"
"942","1.11, ___ CI 0.69-1.80","  1.11[  0.69,  1.80]"
"943","4.63 (2.65, 8.10","  4.63[  2.65,  8.10]"
"944","2.40 (1.44, 4.02","  2.40[  1.44,  4.02]"
"945","4¡P26-8","     4[    26,     8]"
"946","2¡P91-9","     2[    91,     9]"
"947","6¡P5-7","     6[     5,     7]"
"948","0.34), 0.054 (OR 0.40","  0.34[ 0.054,  0.40]"
"949","0.91, 95?% CI 0.78","  0.91[    95,  0.78]"
"950","0.48, ___ CI 0.40-0.59","  0.48[  0.40,  0.59]"
"951","0.49, ___ CI 0.37-0.66","  0.49[  0.37,  0.66]"
"952","0.81, ___ CI = (0.72, 0.92","  0.81[  0.72,  0.92]"
"953","0.94, ___ CI = (0.77, 1.16","  0.94[  0.77,  1.16]"
"954","0.91, ___ CI = (0.74, 1.11","  0.91[  0.74,  1.11]"
"955","0.60, P0.07), and reoperation (OR 0.85","  0.60[  0.07,  0.85]"
"956","2.37 [___ CI: 1.68, 3.35","  2.37[  1.68,  3.35]"
"957","2.53 [___ CI: 1.13, 5.66","  2.53[  1.13,  5.66]"
"958","1.81 [___ CI: 1.15, 2.84","  1.81[  1.15,  2.84]"
"959","3.8, ___ CI 3.1 to 4.7","   3.8[   3.1,   4.7]"
"960","2.2, ___ CI 1.7 to 2.9","   2.2[   1.7,   2.9]"
"961","2.59, 95?% CI 1.25","  2.59[    95,  1.25]"
"962","1.43, 95?% CI 1.12","  1.43[    95,  1.12]"
"963","3.13 [2.51, 3.90","  3.13[  2.51,  3.90]"
"964","0.38; ___ CI, 0.23¡V0.62","  0.38[  0.23,  0.62]"
"965","0.74; ___ CI, 0.45¡V1.24","  0.74[  0.45,  1.24]"
"966","1.76, ___ CI=1.36-2.28","  1.76[  1.36,  2.28]"
"967","3.82 [___ CI, 1.55-9.42","  3.82[  1.55,  9.42]"
"968","1.41 [___ CI, 0.99-2.00","  1.41[  0.99,  2.00]"
"969","0¢X35, ____ CI 0","     0[    35,     0]"
"970","2.56, 95?% CI 1.15","  2.56[    95,  1.15]"
"971","1.07, 95?% CI ?0.33","  1.07[    95,  0.33]"
"972","0.49, 95?% CI 0.09","  0.49[    95,  0.09]"
"973","1.54, 95?% CI 0.58","  1.54[    95,  0.58]"
"974","0.32, 95?% CI 0.07","  0.32[    95,  0.07]"
"975","1.41, 95?% CI 0.81","  1.41[    95,  0.81]"
"976","0.48, 95?% CI 0.16","  0.48[    95,  0.16]"
"977","2.68; ___CI: 1.92-3.72","  2.68[  1.92,  3.72]"
"978","1.69, ___CI: 1.09-2.63","  1.69[  1.09,  2.63]"
"979","1.53; ___CI: 1.24-1.90","  1.53[  1.24,  1.90]"
"980","3.27; ___CI: 1.84-5.81","  3.27[  1.84,  5.81]"
"981","1.69; ___CI: 1.09-2.63","  1.69[  1.09,  2.63]"
"982","1.34; ___CI: 1.03-1.76","  1.34[  1.03,  1.76]"
"983","0.87 (___ CI, 0.85-0.89","  0.87[  0.85,  0.89]"
"984","2.04; 95?% confidence interval (CI) 1","  2.04[    95,     1]"
"985","2.81; 95?% CI 1.32","  2.81[    95,  1.32]"
"986","1.55; 95?% CI 1.13","  1.55[    95,  1.13]"
"987","8.73 [3.42-22.31","  8.73[  3.42, 22.31]"
"988","2.95 [1.78-4.90","  2.95[  1.78,  4.90]"
"989","3.44 [1.62-7.32","  3.44[  1.62,  7.32]"
"990","7.84 [1.94-31.60","  7.84[  1.94, 31.60]"
"991","3.02 [1.38-6.64","  3.02[  1.38,  6.64]"
"992","2.23 [1.26-3.95","  2.23[  1.26,  3.95]"
"993","1.65 [1.14-2.39","  1.65[  1.14,  2.39]"
"994","4.27 [1.13-16.12","  4.27[  1.13, 16.12]"
"995","1.59 [1.01-2.48","  1.59[  1.01,  2.48]"
"996","2.46 [1.04-5.80","  2.46[  1.04,  5.80]"
"997","8.46 [4.01-17.86","  8.46[  4.01, 17.86]"
"998","6.37 [2.93-13.82","  6.37[  2.93, 13.82]"
"999","1.98 [1.46-2.70","  1.98[  1.46,  2.70]"
"1000","0.32 [0.18-0.55","  0.32[  0.18,  0.55]"
"1001","2.31 [1.36-3.92","  2.31[  1.36,  3.92]"
"1002","2.85 [1.23-6.58","  2.85[  1.23,  6.58]"
"1003","4.01 [2.48-6.49","  4.01[  2.48,  6.49]"
"1004","8.09 [3.46-18.92","  8.09[  3.46, 18.92]"
"1005","2.02 [1.11-3.69","  2.02[  1.11,  3.69]"
"1006","1.45 [1.02-2.05","  1.45[  1.02,  2.05]"
"1007","0.303; 95?% CI, 0.202"," 0.303[    95, 0.202]"
"1008","2.269; 95?% CI, 1.576"," 2.269[    95, 1.576]"
"1009","0.241; 95?% CI, 0.078"," 0.241[    95, 0.078]"
"1010","4.564; 95?% CI, 1.892"," 4.564[    95, 1.892]"
"1011","2.717; 95?% CI, 1.836"," 2.717[    95, 1.836]"
"1012","8.498; 95?% CI, 4.030"," 8.498[    95, 4.030]"
"1013","6.46; ___ CI = 3.12-13.36","  6.46[  3.12, 13.36]"
"1014","2.44; ___ CI = 1.87-3.19","  2.44[  1.87,  3.19]"
"1015","1.80; ___ CI = 1.4 2","  1.80[   1.4,     2]"
"1016","3.56; ___ CI = 2.22-5.70","  3.56[  2.22,  5.70]"
"1017","2.35; ___ CI = 1.72- 3.21","  2.35[  1.72,  3.21]"
"1018","1.92; ___ CI = 0.82-4.49","  1.92[  0.82,  4.49]"
"1019","9.60; ___ CI = 3.79-24.32","  9.60[  3.79, 24.32]"
"1020","4.72; ___ CI = 1.84-12.07","  4.72[  1.84, 12.07]"
"1021","5.67, ___ CI: 3.09-10.40","  5.67[  3.09, 10.40]"
"1022","6.02, ___ CI: 3.22-11.28","  6.02[  3.22, 11.28]"
"1023","9.78, ___ CI: 6.28-15.22","  9.78[  6.28, 15.22]"
"1024","1.88, ___ CI 1.29-2.73","  1.88[  1.29,  2.73]"
"1025","0.67, ___ CI 0.50-0.89","  0.67[  0.50,  0.89]"
"1026","1.40, ___ CI 0.82-2.37","  1.40[  0.82,  2.37]"
"1027","2.00; ___CI: 1.46, 2.74","  2.00[  1.46,  2.74]"
"1028","2.521; ___ CI, 1.800-3.531"," 2.521[ 1.800, 3.531]"
"1029","0.830; ___ CI, 0.559-1.231"," 0.830[ 0.559, 1.231]"
"1030","1.820; ___ CI, 1.161-2.851"," 1.820[ 1.161, 2.851]"
"1031","1.054; ___ CI, 0.838-1.325"," 1.054[ 0.838, 1.325]"
"1032","2.171; ___ CI, 1.426-3.304"," 2.171[ 1.426, 3.304]"
"1033","1.002, 95?% CI = 0.59"," 1.002[    95,  0.59]"
"1034","1.027, 95?% CI = 0.685"," 1.027[    95, 0.685]"
"1035","2.396, 95?% CI = 1.050"," 2.396[    95, 1.050]"
"1036","2.14 [___ CI, 1.31-3.49","  2.14[  1.31,  3.49]"
"1037","1.89 [___ CI, 1.25-2.85","  1.89[  1.25,  2.85]"
"1038","1.82 [___ CI, 1.10-3.03","  1.82[  1.10,  3.03]"
"1039","2.43 [___ CI,. 93-6.34","  2.43[    93,  6.34]"
"1040","1.05, ___ CI = 0.58-1.89","  1.05[  0.58,  1.89]"
"1041","1.25, ___ CI = 0.78-2.00","  1.25[  0.78,  2.00]"
"1042","0.80; ___CI: 0.60, 1.05","  0.80[  0.60,  1.05]"
"1043","5.36; ___ CI 1.4-20","  5.36[   1.4,    20]"
"1044","1.86 (1.3-2.5","  1.86[   1.3,   2.5]"
"1045","0.7(0.4-1.1","   0.7[   0.4,   1.1]"
"1046","0.46; CI = 0.36-0.60","  0.46[  0.36,  0.60]"
"1047","0.57 ___ CI 0.44, 0.75","  0.57[  0.44,  0.75]"
"1048","0.67; 0.59, 0.76","  0.67[  0.59,  0.76]"
"1049","0.67; 0.56, 0.80","  0.67[  0.56,  0.80]"
"1050","3.11, ___ CI: 2.88-3.36","  3.11[  2.88,  3.36]"
"1051","1.35, ___ CI=0.98, 1.85","  1.35[  0.98,  1.85]"
"1052","1.46, ___ CI=0.93, 2.27","  1.46[  0.93,  2.27]"
"1053","1.116 (___ CI: 0.795-1.567"," 1.116[ 0.795, 1.567]"
"1054","1.229, ___ CI: 0.971-1.556"," 1.229[ 0.971, 1.556]"
"1055","0.945, ___ CI: 0.722-1.237"," 0.945[ 0.722, 1.237]"
"1056","1.518 for CT of 10days and 0.636"," 1.518[    10, 0.636]"
"1057","0.89, ___ CI=0.59-1.32","  0.89[  0.59,  1.32]"
"1058","1.23, ___ CI=0.75-2.02","  1.23[  0.75,  2.02]"
"1059","1.40, ___ CI=0.70-2.82","  1.40[  0.70,  2.82]"
"1060","1.39, ___ CI=0.69-2.80","  1.39[  0.69,  2.80]"
"1061","1.43, ___ CI=0.70-2.96","  1.43[  0.70,  2.96]"
"1062","0.76, ___ CI=0.44-1.29","  0.76[  0.44,  1.29]"
"1063","1.36, ___CI 0.95 to 1.96","  1.36[  0.95,  1.96]"
"1064","3.58; ___ CI: 1.62-7.90","  3.58[  1.62,  7.90]"
"1065","1.94; ___ CI: 0.98-3.82","  1.94[  0.98,  3.82]"
"1066","0.71; ___ CI: 0.59-0.86","  0.71[  0.59,  0.86]"
"1067","1.61; ___ CI: 0.63-4.1","  1.61[  0.63,   4.1]"
"1068","1.03; ___ CI: 0.68-1.5","  1.03[  0.68,   1.5]"
"1069","0.88; ___ CI: 0.47-1.63","  0.88[  0.47,  1.63]"
"1070","1.25; ___ CI: 0.66-2.35","  1.25[  0.66,  2.35]"
"1071","0.87; ___ CI: 0.46-1.64","  0.87[  0.46,  1.64]"
"1072","2.33, ___ CI = 1.48-3.68","  2.33[  1.48,  3.68]"
"1073","2.98, ___ CI = 1.59-5.59","  2.98[  1.59,  5.59]"
"1074","1.36; ___CI, 0.47-3.97","  1.36[  0.47,  3.97]"
"1075","2¡P90, 2","     2[    90,     2]"
"1076","3¡P75, 2","     3[    75,     2]"
"1077","1¡P93, 1","     1[    93,     1]"
"1078","1¡P28, 1","     1[    28,     1]"
"1079","1¡P11, 0","     1[    11,     0]"
"1080","5¡P04, 4","     5[    04,     4]"
"1081","1.85, ___ CI: 1.58-2.18","  1.85[  1.58,  2.18]"
"1082","1.33, ___ CI: 1.02-1.74","  1.33[  1.02,  1.74]"
"1083","0.94, ___ CI: 0.62-1.42","  0.94[  0.62,  1.42]"
"1084","4.87, ___ CI: 2.72-8.71","  4.87[  2.72,  8.71]"
"1085","9.41, ___ CI: 7.89-11.21","  9.41[  7.89, 11.21]"
"1086","3.50, ___ CI: 2.32-5.27","  3.50[  2.32,  5.27]"
"1087","1.34 (___ CI1/41.091","  1.34[     1,41.091]"
"1088","1/41.60, ___ CI1","     1[ 41.60,     1]"
"1089","1/41.65, ___ CI1","     1[ 41.65,     1]"
"1090","1/41.09, ___ CI1","     1[ 41.09,     1]"
"1091","1/40.99, ___ CI1","     1[ 40.99,     1]"
"1092","0.45, ___ CI 0.34-0.60","  0.45[  0.34,  0.60]"
"1093","0.45, ___ CI 0.40-0.51","  0.45[  0.40,  0.51]"
"1094","2.52 (___ CI 1.71-3.71","  2.52[  1.71,  3.71]"
"1095","2.18 (___ CI 1.24-3.82","  2.18[  1.24,  3.82]"
"1096","1.49 (___ CI 1.15-1.95","  1.49[  1.15,  1.95]"
"1097","1.49 (___ CI 1.19-1.88","  1.49[  1.19,  1.88]"
"1098","1.91, ___ CI: 1.27 to 2.86","  1.91[  1.27,  2.86]"
"1099","0.54, ___CI: 0.31 to 0.96","  0.54[  0.31,  0.96]"
"1100","1.68, ___ CI: 1.26 to 2.25","  1.68[  1.26,  2.25]"
"1101","2.38, ___ CI: 1.72 to 3.28","  2.38[  1.72,  3.28]"
"1102","0.50, ___CI: 0.29 to 0.84","  0.50[  0.29,  0.84]"
"1103","0.62, ___ CI: 0.36 to 1.06","  0.62[  0.36,  1.06]"
"1104","1.05, ___ CI: 0.75 to 1.47","  1.05[  0.75,  1.47]"
"1105","5.6, [4.0-7.8","   5.6[   4.0,   7.8]"
"1106","3.3, [2.8-3.8","   3.3[   2.8,   3.8]"
"1107","8.1, [4.0-16.7","   8.1[   4.0,  16.7]"
"1108","2.7, [1.6-4.5","   2.7[   1.6,   4.5]"
"1109","1.99; ___ CI: 1.54-2.57","  1.99[  1.54,  2.57]"
"1110","1.94; ___ CI: 1.263.0","  1.94[ 1.263,    .0]"
"1111","1.50; ___ CI: 1.151.97","  1.50[ 1.151,   .97]"
"1112","0.94; ___ CI: 0.58- 1.53","  0.94[  0.58,  1.53]"
"1113","1.29; ___ CI: 0.792.11","  1.29[ 0.792,   .11]"
"1114","1.07; ___ CI: 0.661.73","  1.07[ 0.661,   .73]"
"1115","73% (___ CI 64-81","    73[    64,    81]"
"1116","57% (___ CI 47-66","    57[    47,    66]"
"1117","1.07, ___ CI 0.93-1.24","  1.07[  0.93,  1.24]"
"1118","1.21 (___ CI 0.97-1.52","  1.21[  0.97,  1.52]"
"1119","0.23; ___ CI 0.16 to 0.35","  0.23[  0.16,  0.35]"
"1120","2.47, ___ CI 1.94-3.15","  2.47[  1.94,  3.15]"
"1121","3.08, ____I 2.19-4.32","  3.08[  2.19,  4.32]"
"1122","11.27, ___ CI 6.27-20.27"," 11.27[  6.27, 20.27]"
"1123","2.15, ___ CI 1.63-2.83","  2.15[  1.63,  2.83]"
"1124","2.87, ___ 1.57-5.24","  2.87[  1.57,  5.24]"
"1125","2.67, ___ CI 1.44-4.96","  2.67[  1.44,  4.96]"
"1126","0.39, ___ CI 0.28-0.54","  0.39[  0.28,  0.54]"
"1127","0.71, ___ CI 0.52-0.97","  0.71[  0.52,  0.97]"
"1128","1.757 (___CI: 1.307 to 2.362"," 1.757[ 1.307, 2.362]"
"1129","3.727 (___CI: 2.320 to 5.988"," 3.727[ 2.320, 5.988]"
"1130","3.863 (___CI: 2.369 to 6.298"," 3.863[ 2.369, 6.298]"
"1131","1.055 (___CI: 0.632 to 1.759"," 1.055[ 0.632, 1.759]"
"1132","0.62 [___ CI 0.40 to 0.98","  0.62[  0.40,  0.98]"
"1133","0.68, ___ CI 0.53-0.87","  0.68[  0.53,  0.87]"
"1134","0.41; ___ CI 0.19-0.85","  0.41[  0.19,  0.85]"
"1135","0.68; ___ CI 0.51-0.90","  0.68[  0.51,  0.90]"
"1136","0.51; ___ CI 0.33-0.80","  0.51[  0.33,  0.80]"
"1137","0.52; ___ CI 0.33-0.82","  0.52[  0.33,  0.82]"
"1138","1.416, ___ CI 0.369-5.425"," 1.416[ 0.369, 5.425]"
"1139","0.506, ___ CI 0.101-2.536"," 0.506[ 0.101, 2.536]"
"1140","1.192, ___ CI 0.436-3.261"," 1.192[ 0.436, 3.261]"
"1141","0.601, ___ CI 0.320-1.130"," 0.601[ 0.320, 1.130]"
"1142","2.25 (___ CI: 0.78, 6.5","  2.25[  0.78,   6.5]"
"1143","0.24; ___ CI, 0.11-0.50","  0.24[  0.11,  0.50]"
"1144","0.11; ___ CI, 0.05-0.24","  0.11[  0.05,  0.24]"
"1145","0.60; ___ CI, 0.44-0.82","  0.60[  0.44,  0.82]"
"1146","0.40; ___ CI, 0.19-0.83","  0.40[  0.19,  0.83]"
"1147","3.01; ___ CI, 1.77-5.13","  3.01[  1.77,  5.13]"
"1148","0.35; ___ CI, 0.10-1.18","  0.35[  0.10,  1.18]"
"1149","0.19; ___ CI, 0.03-1.11","  0.19[  0.03,  1.11]"
"1150","0.40; ___ CI, 0.13-1.21","  0.40[  0.13,  1.21]"
"1151","0.50; ___ CI, 0.20-1.20","  0.50[  0.20,  1.20]"
"1152","0.72; ___ CI, 0.50-1.06","  0.72[  0.50,  1.06]"
"1153","0.59; ___ CI, 0.40-0.88","  0.59[  0.40,  0.88]"
"1154","0.28; ___ CI, 0.06-1.24","  0.28[  0.06,  1.24]"
"1155","3.61; ___ CI, 1.42 to 9.20","  3.61[  1.42,  9.20]"
"1156","1.41; ___ CI, 1.06 to 1.89","  1.41[  1.06,  1.89]"
"1157","2.51; ___ CI, 0.94 to 6.72","  2.51[  0.94,  6.72]"
"1158","0.51, ___ CI: 0.36-0.73","  0.51[  0.36,  0.73]"
"1159","0.29, ___ CI: 0.18-0.46","  0.29[  0.18,  0.46]"
"1160","2.11; ___ CI, 1.69-2.63","  2.11[  1.69,  2.63]"
"1161","2.75; ___ CI, 2.04-3.72","  2.75[  2.04,  3.72]"
"1162","1.20; ___ CI, 0.85-1.70","  1.20[  0.85,  1.70]"
"1163","0.41, ___ CI: 0.31, 0.54","  0.41[  0.31,  0.54]"
"1164","5.71, ___ CI: 3.47, 9.39","  5.71[  3.47,  9.39]"
"1165","0.36, ___ CI: 0.28, 0.46","  0.36[  0.28,  0.46]"
"1166","2.23 ___ CI, 1.25-4.00","  2.23[  1.25,  4.00]"
"1167","51.27 (___ CI, 9.39-279.86"," 51.27[  9.39,279.86]"
"1168","0.53; ___ CI, 0.4-0.7","  0.53[   0.4,   0.7]"
"1169","0.36; ___ CI, 0.15-0.84","  0.36[  0.15,  0.84]"
"1170","0.99; ___ CI, 0.63-1.55","  0.99[  0.63,  1.55]"
"1171","0.92; ___ CI, 0.46-1.86","  0.92[  0.46,  1.86]"
"1172","0.23; ___ CI, 0.01-4.92","  0.23[  0.01,  4.92]"
"1173","1.85, ____ CI: 1.24-2.74","  1.85[  1.24,  2.74]"
"1174","2.72, ____ CI: 1.57-4.72","  2.72[  1.57,  4.72]"
"1175","0.90, ___ CI: 0.48-1.66","  0.90[  0.48,  1.66]"
"1176","2.98, ___ CI: 2.02-4.39","  2.98[  2.02,  4.39]"
"1177","4.75, ___ CI: 1.42-15.95","  4.75[  1.42, 15.95]"
"1178","1.75, ___ CI: 1.15-2.64","  1.75[  1.15,  2.64]"
"1179","2.66, ___ CI: 1.24-5.71","  2.66[  1.24,  5.71]"
"1180","0.77, ___ CI: 0.04-16.59","  0.77[  0.04, 16.59]"
"1181","1</inf> =2.22 (___CI 0.32","     1[  2.22,  0.32]"
"1182","2</inf> =1.12 (___CI 0.14","     2[  1.12,  0.14]"
"1183","1.60 (___ CI = 1.14-2.25","  1.60[  1.14,  2.25]"
"1184","1.95; ___ CI = 1.34-2.85","  1.95[  1.34,  2.85]"
"1185","1.89; ___ CI = 1.15-3.10","  1.89[  1.15,  3.10]"
"1186","2¡P69, ___ confidence interval (CI) 2","     2[    69,     2]"
"1187","2¡P35, ___ CI 1","     2[    35,     1]"
"1188","2¡P94, ___ CI 2","     2[    94,     2]"
"1189","2¡P85, ___ CI 2","     2[    85,     2]"
"1190","0.18; ___ CI, 0.08-0.42","  0.18[  0.08,  0.42]"
"1191","0.77; ___ CI, 0.51-1.15","  0.77[  0.51,  1.15]"
"1192","0.34 [___CI: 0.26-0.45","  0.34[  0.26,  0.45]"
"1193","0.82 [___CI: 0.51-1.32","  0.82[  0.51,  1.32]"
"1194","0.16; ___CI 0.09-0.30","  0.16[  0.09,  0.30]"
"1195","0.38; ___CI 0.22-0.63","  0.38[  0.22,  0.63]"
"1196","0.31; ___CI 0.16-0.59","  0.31[  0.16,  0.59]"
"1197","3.20, ___ CI = 1.80-5.71","  3.20[  1.80,  5.71]"
"1198","3.6, 0.21 and 17","   3.6[  0.21,    17]"
"1199","1.56, ___ CI 1.00-2.43","  1.56[  1.00,  2.43]"
"1200","2.59 (___ CI 2.03-3.30","  2.59[  2.03,  3.30]"
"1201","1.83; ___ CI, 0.40-8.46","  1.83[  0.40,  8.46]"
"1202","1.32; ___ CI, 0.44-3.91","  1.32[  0.44,  3.91]"
"1203","0.33; ___ CI, 0.17-0.64","  0.33[  0.17,  0.64]"
"1204","1.44, ___ CI 0.92-2.26","  1.44[  0.92,  2.26]"
"1205","1.48, ___ CI 0.94-2.34","  1.48[  0.94,  2.34]"
"1206","1.51, ___ CI 0.26-8.87","  1.51[  0.26,  8.87]"
"1207","0.76; ___ CI: 0.59-0.99","  0.76[  0.59,  0.99]"
"1208","6.14; ___ CI: 2.74-13.78","  6.14[  2.74, 13.78]"
"1209","2.73, ___ CI 1.90-3.93","  2.73[  1.90,  3.93]"
"1210","2.09 (___ CI 1.01-4.31","  2.09[  1.01,  4.31]"
"1211","0.25 [___ CI 0.09 to 0.72","  0.25[  0.09,  0.72]"
"1212","1.52, CI: 1.12, 2.05","  1.52[  1.12,  2.05]"
"1213","1.73, CI: 0.92-3.36","  1.73[  0.92,  3.36]"
"1214","2.24, CI: 0.98-5.14","  2.24[  0.98,  5.14]"
"1215","0.13 [0.09, 0.19","  0.13[  0.09,  0.19]"
"1216","0.77 [0.64, 0.93","  0.77[  0.64,  0.93]"
"1217","0.97 [0.70, 1.34","  0.97[  0.70,  1.34]"
"1218","1.07 [0.94, 1.21","  1.07[  0.94,  1.21]"
"1219","0.43 (___CI: 0.18-1.0","  0.43[  0.18,   1.0]"
"1220","0.52 (___CI: 0.25-1.06","  0.52[  0.25,  1.06]"
"1221","2.08; ___ CI, 1.25 to 3.45","  2.08[  1.25,  3.45]"
"1222","2.88; ___CI, 1.82 to 4.55","  2.88[  1.82,  4.55]"
"1223","3.33; ___ CI, 1.17 to 9.46","  3.33[  1.17,  9.46]"
"1224","4.72; ___ CI, 1.79 to 12.46","  4.72[  1.79, 12.46]"
"1225","0.97, 95?% CI 0.19","  0.97[    95,  0.19]"
"1226","1.05, 95?% CI 0.68","  1.05[    95,  0.68]"
"1227","0.78, 95?% CI 0.21","  0.78[    95,  0.21]"
"1228","0.96, 95?% CI 0.46","  0.96[    95,  0.46]"
"1229","0.04, 95?% CI 0.00","  0.04[    95,  0.00]"
"1230","0.71, ___ CI 0.30 to 1.68","  0.71[  0.30,  1.68]"
"1231","1.25, ___ CI 0.64 to 2.43","  1.25[  0.64,  2.43]"
"1232","0.49, ___ CI 0.30 to 0.83","  0.49[  0.30,  0.83]"
"1233","0.52 [CrI, 0.41 to 0.66","  0.52[  0.41,  0.66]"
"1234","0.41 [CrI, 0.18 to 0.86","  0.41[  0.18,  0.86]"
"1235","0.52 [CrI, 0.34 to 0.79","  0.52[  0.34,  0.79]"
"1236","0.69, ___CI 0.58 to 0.82","  0.69[  0.58,  0.82]"
"1237","0.67, ___CI 0.55 to 0.81","  0.67[  0.55,  0.81]"
"1238","0.52 ___CI 0.37 to 0.73","  0.52[  0.37,  0.73]"
"1239","0.54 ___CI 0.45 to 0.66","  0.54[  0.45,  0.66]"
"1240","1.43 (___ CI: 0.68-3.00","  1.43[  0.68,  3.00]"
"1241","0.67, ___ CI 0.61-0.73","  0.67[  0.61,  0.73]"
"1242","0¡P91; ____ CI 0","     0[    91,     0]"
"1243","1¡P71; ____ CI 0","     1[    71,     0]"
"1244","1.389, ___ CI 1.161-1.660"," 1.389[ 1.161, 1.660]"
"1245","1.420, ___ CI 1.163-1.733"," 1.420[ 1.163, 1.733]"
"1246","1.522, ___ CI 1.186-1.953"," 1.522[ 1.186, 1.953]"
"1247","2.035, ___ CI 1.236-3.352"," 2.035[ 1.236, 3.352]"
"1248","3.788, ___ CI 1.434-10.009"," 3.788[ 1.434,10.009]"
"1249","2.148, ___ CI 1.252-3.684"," 2.148[ 1.252, 3.684]"
"1250","2.386, ___ CI 1.302-4.374"," 2.386[ 1.302, 4.374]"
"1251","2.692, ___ CI 1.242-5.836"," 2.692[ 1.242, 5.836]"
"1252","6.0 (___ CI, 2.0-17.9","   6.0[   2.0,  17.9]"
"1253","1.89; ___ CI 1.03, 3.47","  1.89[  1.03,  3.47]"
"1254","3.16; ___ CI 1.26, 7.92","  3.16[  1.26,  7.92]"
"1255","4.85; ___ CI 2.20, 7.50","  4.85[  2.20,  7.50]"
"1256","0.44 (___ CI, 0.29-0.67","  0.44[  0.29,  0.67]"
"1257","0.59 (___ CI 0.48-0.73","  0.59[  0.48,  0.73]"
"1258","0.49 (___ CI, 0.29-0.84","  0.49[  0.29,  0.84]"
"1259","0.65 (___ CI, 0.51-0.82","  0.65[  0.51,  0.82]"
"1260","0.86, ___ CI, 0.56-1.34","  0.86[  0.56,  1.34]"
"1261","0.89, ___ CI, 0.81-0.97","  0.89[  0.81,  0.97]"
"1262","2.8, ___ CI 1.01 to 7.81","   2.8[  1.01,  7.81]"
"1263","2.68, ___ CI 1.65 to 4.35","  2.68[  1.65,  4.35]"
"1264","62 (47-75","    62[    47,    75]"
"1265","2.31, ___ CI 1.52e3.51","  2.31[  1.52,  3.51]"
"1266","1.52, ___ CI 1.30e1.78","  1.52[  1.30,  1.78]"
"1267","1.30, ___ CI 1.06e1.61","  1.30[  1.06,  1.61]"
"1268","1.02; ___ CI = 0.54-1.95","  1.02[  0.54,  1.95]"
"1269","1.33 (___ CI, 1.03-1.71","  1.33[  1.03,  1.71]"
"1270","1.46 (___ CI, 1.00-2.13","  1.46[  1.00,  2.13]"
"1271","7.89; ___CI, 2.94 to 21.17","  7.89[  2.94, 21.17]"
"1272","6.59; ___CI, 2.24 to 19.42","  6.59[  2.24, 19.42]"
"1273","1.87; ___ CI: 1.29-2.71","  1.87[  1.29,  2.71]"
"1274","2.77; ___ CI: 1.73-4.45","  2.77[  1.73,  4.45]"
"1275","0¡P72, P = 0","     0[    72,     0]"
"1276","0¡P77, P = 0","     0[    77,     0]"
"1277","0¡P70, P = 0","     0[    70,     0]"
"1278","0¡P67, P = 0","     0[    67,     0]"
"1279","0.89; ___ CI = 0.52-1.54","  0.89[  0.52,  1.54]"
"1280","1.02; ___ CI = 0.48-2.19","  1.02[  0.48,  2.19]"
"1281","0.23 [?0.20, ?0.27","  0.23[  0.20,  0.27]"
"1282","7.41, ___ CI 2.47-22.5","  7.41[  2.47,  22.5]"
"1283","2.60, ___ CI 1.49-2.54","  2.60[  1.49,  2.54]"
"1284","5.20, ___ CI 2.49-10.85","  5.20[  2.49, 10.85]"
"1285","1.63, ___ CI 0.91-2.91","  1.63[  0.91,  2.91]"
"1286","2.77, ___ CI 1.02-7.50","  2.77[  1.02,  7.50]"
"1287","1.34, 1.08 to 1.66","  1.34[  1.08,  1.66]"
"1288","0.84 (0.15, 4.86","  0.84[  0.15,  4.86]"
"1289","0.45; ____ CI 0.20-1.00","  0.45[  0.20,  1.00]"
"1290","0.20; ____ CI 0.07-0.55","  0.20[  0.07,  0.55]"
"1291","0.18; ____ CI 0.07-0.45","  0.18[  0.07,  0.45]"
"1292","0.71 (____ CI: 0.48-1.03","  0.71[  0.48,  1.03]"
"1293","0.80 (____ CI: 0.52-1.23","  0.80[  0.52,  1.23]"
"1294","6.45, ____ CI 3.46-12.00","  6.45[  3.46, 12.00]"
"1295","1.13; ____ CI: 1.07-1.19","  1.13[  1.07,  1.19]"
"1296","1.21; ____ CI 1.13-1.29","  1.21[  1.13,  1.29]"
"1297","0.87; ____ CI 0.12, 6.33","  0.87[  0.12,  6.33]"
"1298","0.73, CI 0.55-0.98","  0.73[  0.55,  0.98]"
"1299","0.98, CI 0.76-1.26","  0.98[  0.76,  1.26]"
"1300","0.75, CI 0.65-0.87","  0.75[  0.65,  0.87]"
"1301","6.80, ___ CI 2.42-19.11","  6.80[  2.42, 19.11]"
"1302","1.36; ___ CI: 1.17-1.59","  1.36[  1.17,  1.59]"
"1303","1.61; ___ CI: 1.3-1.99","  1.61[   1.3,  1.99]"
"1304","0.26 ___, CI 0.08-0.93","  0.26[  0.08,  0.93]"
"1305","0.46 ___, CI 0.25-0.86","  0.46[  0.25,  0.86]"
"1306","0.34 ___, CI 0.15-0.75","  0.34[  0.15,  0.75]"
"1307","2.39 (___ CI: 0.88-6.52","  2.39[  0.88,  6.52]"
"1308","5.81, ___ CI: 2.42-13.97","  5.81[  2.42, 13.97]"
"1309","3.8 [___ CI, 2.3-6.3","   3.8[   2.3,   6.3]"
"1310","8.0 [___ CI, 4.2-15.1","   8.0[   4.2,  15.1]"
"1311","3.4 [___ CI, 2.2-5.3","   3.4[   2.2,   5.3]"
"1312","3.1 [___ CI, 2.5- 4.0","   3.1[   2.5,   4.0]"
"1313","1.1 [___ CI, 0.6-1.8","   1.1[   0.6,   1.8]"
"1314","6.49, ___ CI 1.68-25.08","  6.49[  1.68, 25.08]"
"1315","0.36 (___ CI 0.19-0.69","  0.36[  0.19,  0.69]"
"1316","2.83, ___ CI: 2.10-3.81","  2.83[  2.10,  3.81]"
"1317","1.81, ___ CI: 1.26-2.58","  1.81[  1.26,  2.58]"
"1318","4.76, ___ CI: 2.47-9.20","  4.76[  2.47,  9.20]"
"1319","1.97, ___ CI: 1.51-2.56","  1.97[  1.51,  2.56]"
"1320","6.91, ___ CI 4.17-11.44","  6.91[  4.17, 11.44]"
"1321","20.43, ___ CI 8.50-49.09"," 20.43[  8.50, 49.09]"
"1322","5.65, ___ CI 4.38-7.28","  5.65[  4.38,  7.28]"
"1323","4.47, ___ CI 1.60-12.50","  4.47[  1.60, 12.50]"
"1324","3.25, ___ CI 1.89-5.57","  3.25[  1.89,  5.57]"
"1325","2.55, ___ CI 1.91-3.39","  2.55[  1.91,  3.39]"
"1326","1.84, ___ CI 1.48-2.29","  1.84[  1.48,  2.29]"
"1327","0.91, ___ CI 0.57-1.45","  0.91[  0.57,  1.45]"
"1328","0.98; ___ CI: 0.48-2.00","  0.98[  0.48,  2.00]"
"1329","0.75; ___ CI: 0.53-1.06","  0.75[  0.53,  1.06]"
"1330","1.47; ___ CI: 0.91-2.38","  1.47[  0.91,  2.38]"
"1331","1.63; ___ CI: 1.05-2.51","  1.63[  1.05,  2.51]"
"1332","0.66; ___ CI: 0.37-1.17","  0.66[  0.37,  1.17]"
"1333","3.08; ___ CI: 1.82-5.24","  3.08[  1.82,  5.24]"
"1334","0.90; ___ CI: 0.39-2.06","  0.90[  0.39,  2.06]"
"1335","0.12; ___ CI: 0.01-1.39","  0.12[  0.01,  1.39]"
"1336","2.91; ___ CI: 0.99-8.55","  2.91[  0.99,  8.55]"
"1337","0.89; ____ CI, 0.36-2.18","  0.89[  0.36,  2.18]"
"1338","0.82; ____ CI, 0.53-1.26","  0.82[  0.53,  1.26]"
"1339","0.43; ____ CI, 0.11-1.62","  0.43[  0.11,  1.62]"
"1340","0.55; ____ CI, 0.29-1.07","  0.55[  0.29,  1.07]"
"1341","0.083, ____ CI = 0.03-0.21"," 0.083[  0.03,  0.21]"
"1342","1.86, p = 0.210, I 2","  1.86[ 0.210,     2]"
